Dates;PX_LAST;PX_BID;PX_ASK
09.09.2011;132,25;130,75;132,25
12.09.2011;135,75;134,25;135,75
13.09.2011;132,25;130,75;132,25
14.09.2011;129,75;128,75;129,75
15.09.2011;125,75;124,25;125,75
16.09.2011;126,5;125;126,5
19.09.2011;128,125;127,125;128,125
20.09.2011;134,5;133,5;134,5
21.09.2011;141,75;140,75;141,75
22.09.2011;145,5;144,5;145,5
23.09.2011;142,5;141,5;142,5
26.09.2011;137,125;136,125;137,125
27.09.2011;136,75;135,75;136,75
28.09.2011;142;140,5;142
29.09.2011;139,75;138,75;139,75
30.09.2011;145,25;143,75;145,25
03.10.2011;151,5;150,5;151,5
04.10.2011;149,5;148;149,5
05.10.2011;145,5;144,5;145,5
06.10.2011;139,75;138,25;139,75
07.10.2011;139,75;138,25;139,75
11.10.2011;136;135;136
12.10.2011;131;130;131
13.10.2011;132,994;132,007;132,994
14.10.2011;130,5;129,5;130,5
17.10.2011;135,5;134,5;135,5
18.10.2011;133;132;133
19.10.2011;135;134;135
20.10.2011;134,25;133,25;134,25
21.10.2011;131,75;130,75;131,75
24.10.2011;126,584;125,667;126,584
25.10.2011;130,084;129,167;130,084
26.10.2011;126,334;125,417;126,334
27.10.2011;114,084;113,167;114,084
28.10.2011;114,25;113,25;114,25
31.10.2011;122;121;122
01.11.2011;127,25;126,25;127,25
02.11.2011;125,834;124,917;125,834
03.11.2011;120,908;119,908;120,908
04.11.2011;123,75;122,75;123,75
07.11.2011;123,626;123,167;124,084
08.11.2011;121,251;120,834;121,667
09.11.2011;130,125;129,625;130,625
10.11.2011;129,75;129,25;130,25
14.11.2011;129,625;129,125;130,125
15.11.2011;132,501;132,042;132,959
16.11.2011;134,875;134,375;135,375
17.11.2011;136,626;136,167;137,084
18.11.2011;136;135,5;136,5
21.11.2011;140,75;140,25;141,25
22.11.2011;140,75;140,25;141,25
23.11.2011;146,125;145,627;146,624
25.11.2011;147,5;147;148
28.11.2011;141;140,5;141,5
29.11.2011;140,167;139,584;140,75
30.11.2011;127,75;127,25;128,25
01.12.2011;126,5;126;127
02.12.2011;125,75;125,25;126,25
05.12.2011;123,126;122,667;123,584
06.12.2011;122,125;121,5;122,75
07.12.2011;119,875;119,25;120,5
08.12.2011;125,625;125;126,25
09.12.2011;122,25;121,5;123
12.12.2011;125,85;125,35;126,35
13.12.2011;127,375;126,75;128
14.12.2011;129,85;129,35;130,35
15.12.2011;129,625;129;130,25
16.12.2011;132;131,25;132,75
19.12.2011;132,375;131,75;133
20.12.2011;126,625;126;127,25
21.12.2011;124,375;123,75;125
22.12.2011;121,5;120,75;122,25
23.12.2011;121,75;121;122,5
27.12.2011;120,5;120;121
28.12.2011;121,875;121,375;122,375
29.12.2011;120;119,5;120,5
30.12.2011;120;119,25;120,75
03.01.2012;118;117,5;118,5
04.01.2012;118,75;118,25;119,25
05.01.2012;120,001;119,542;120,459
06.01.2012;120;119,5;120,5
09.01.2012;119,417;118,917;119,916
10.01.2012;116,25;115,875;116,625
11.01.2012;116,125;115,75;116,5
12.01.2012;114,5;114;115
13.01.2012;116,125;115,625;116,625
17.01.2012;113,25;112,75;113,75
18.01.2012;109,75;109,25;110,25
19.01.2012;108,25;107,75;108,75
20.01.2012;106,25;105,75;106,75
23.01.2012;103;102,5;103,5
24.01.2012;103,375;102,917;103,833
25.01.2012;101,875;101,5;102,25
26.01.2012;101,375;101;101,75
27.01.2012;100,5;100;101
30.01.2012;102,501;102,146;102,855
31.01.2012;101,125;100,75;101,5
01.02.2012;100,25;99,875;100,625
02.02.2012;99,188;98,855;99,521
03.02.2012;94,375;94;94,75
06.02.2012;94,875;94,5;95,25
07.02.2012;95;94,625;95,375
08.02.2012;94,501;94,23;94,771
09.02.2012;97;96,625;97,375
10.02.2012;98,625;98,25;99
13.02.2012;96,625;96,25;97
14.02.2012;98,375;98;98,75
15.02.2012;101,083;100,667;101,5
16.02.2012;98,75;98,375;99,125
17.02.2012;98,625;98,25;99
21.02.2012;97,563;97,25;97,875
22.02.2012;97,813;97,563;98,063
23.02.2012;96,375;96;96,75
24.02.2012;95,875;95,5;96,25
27.02.2012;95,375;95;95,75
28.02.2012;93,625;93,25;94
29.02.2012;94,125;93,75;94,5
01.03.2012;92,875;92,5;93,25
02.03.2012;94;93,75;94,25
05.03.2012;95,25;95;95,5
06.03.2012;97,75;97,5;98
07.03.2012;97,25;97;97,5
08.03.2012;95,75;95,5;96
09.03.2012;95,75;95,5;96
12.03.2012;95,25;95;95,5
13.03.2012;91,531;91,25;91,812
14.03.2012;90,641;90,393;90,889
15.03.2012;90,033;89,785;90,281
16.03.2012;88,625;88,25;89
19.03.2012;85,458;85,209;85,708
20.03.2012;87,751;87,502;87,999
21.03.2012;87,013;86,763;87,263
22.03.2012;90,56;90,25;90,87
23.03.2012;91,25;91;91,5
26.03.2012;88,75;88,5;89
27.03.2012;89,5;89,25;89,75
28.03.2012;90,75;90,375;91,125
29.03.2012;92,844;92,595;93,092
30.03.2012;91,29;91,041;91,538
02.04.2012;90,25;90;90,5
03.04.2012;90,5;90,25;90,75
04.04.2012;92,75;92,5;93
05.04.2012;96,876;96,542;97,209
06.04.2012;96,626;96,21;97,041
09.04.2012;101,75;101,5;102
10.04.2012;104,245;103,995;104,495
11.04.2012;102;101,75;102,25
12.04.2012;96,784;96,535;97,032
13.04.2012;101,626;101,398;101,853
16.04.2012;101,5;101,125;101,875
17.04.2012;98,5;98,25;98,75
18.04.2012;99,451;99,202;99,699
19.04.2012;100;99,75;100,25
20.04.2012;99,88;99,635;100,125
23.04.2012;100,875;100,625;101,125
24.04.2012;99,75;99,5;100
25.04.2012;97,625;97,25;98
26.04.2012;95,875;95,625;96,125
27.04.2012;94,25;94;94,5
30.04.2012;94,75;94,5;95
01.05.2012;93,875;93,625;94,125
02.05.2012;94,313;94,086;94,541
03.05.2012;96,376;96,19;96,561
04.05.2012;98,875;98,5;99,25
07.05.2012;100,249;100;100,498
08.05.2012;100,876;100,627;101,124
09.05.2012;103;102,75;103,25
10.05.2012;102,875;102,5;103,25
11.05.2012;108,501;108,169;108,832
14.05.2012;114,625;114,25;115
15.05.2012;117,167;116,75;117,583
16.05.2012;118,876;118,544;119,207
17.05.2012;123,25;122,75;123,75
18.05.2012;123,75;123,375;124,125
21.05.2012;117,875;117,544;118,206
22.05.2012;118,323;117,959;118,687
23.05.2012;118,251;117,96;118,541
24.05.2012;117,125;116,75;117,5
25.05.2012;117,626;117,294;117,957
29.05.2012;116,689;116,42;116,959
30.05.2012;122,375;122;122,75
31.05.2012;123,563;123,25;123,875
01.06.2012;126;125,625;126,375
04.06.2012;127,501;127,252;127,749
05.06.2012;125,625;125,125;126,125
06.06.2012;121,875;121,375;122,375
07.06.2012;121,938;121,5;122,375
08.06.2012;121,125;120,625;121,625
11.06.2012;124,5;124,25;124,75
12.06.2012;123,5;123,167;123,833
13.06.2012;125,375;125,125;125,625
14.06.2012;120,626;120,273;120,978
15.06.2012;117,625;117,25;118
18.06.2012;119,411;119,162;119,661
19.06.2012;115,427;115,167;115,687
20.06.2012;113,906;113,616;114,196
21.06.2012;117,917;117,5;118,333
22.06.2012;115,375;115;115,75
25.06.2012;119,625;119,375;119,875
26.06.2012;119;118,5;119,5
27.06.2012;117,5;117,25;117,75
28.06.2012;118,125;117,75;118,5
29.06.2012;112,438;112,108;112,768
02.07.2012;109,125;108,875;109,375
03.07.2012;106,5;106,125;106,875
05.07.2012;108,875;108,5;109,25
06.07.2012;112,625;112,25;113
09.07.2012;111,031;110,782;111,281
10.07.2012;111,375;111;111,75
11.07.2012;111,625;111,25;112
12.07.2012;113,25;113;113,5
13.07.2012;111,751;111,502;111,999
16.07.2012;112,75;112,5;113
17.07.2012;111,125;110,875;111,375
18.07.2012;108,125;107,875;108,375
19.07.2012;108,125;107,75;108,5
20.07.2012;111,75;111,25;112,25
23.07.2012;113,25;113;113,5
24.07.2012;117,251;117,002;117,499
25.07.2012;115,436;115,208;115,663
26.07.2012;111,25;111;111,5
27.07.2012;105;104,75;105,25
30.07.2012;106,25;106;106,5
31.07.2012;107,375;107;107,75
01.08.2012;105,5;105,25;105,75
02.08.2012;109;108,75;109,25
03.08.2012;103,75;103,5;104
06.08.2012;102,749;102,502;102,996
07.08.2012;103,25;103;103,5
08.08.2012;102,75;102,5;103
09.08.2012;103;102,75;103,25
10.08.2012;102,751;102,48;103,021
13.08.2012;102,75;102,5;103
14.08.2012;103;102,75;103,25
15.08.2012;103,152;102,903;103,4
16.08.2012;101,125;100,875;101,375
17.08.2012;99,75;99,5;100
20.08.2012;98,5;98,25;98,75
21.08.2012;98,625;98,375;98,875
22.08.2012;99,375;99;99,75
23.08.2012;101,625;101,25;102
24.08.2012;100,75;100,5;101
27.08.2012;100,25;100;100,5
28.08.2012;101;100,75;101,25
29.08.2012;100,876;100,627;101,124
30.08.2012;103;102,75;103,25
31.08.2012;101,813;101,5;102,125
04.09.2012;101;100,75;101,25
05.09.2012;100,5;100,25;100,75
06.09.2012;95,191;94,942;95,439
07.09.2012;93;92,75;93,25
10.09.2012;95,438;95,21;95,666
11.09.2012;93,344;93,063;93,625
12.09.2012;90,906;90,668;91,144
13.09.2012;85,625;85,25;86
14.09.2012;83;82,75;83,25
17.09.2012;85,333;85,084;85,583
18.09.2012;85,376;85,132;85,619
19.09.2012;85,5;85,25;85,75
20.09.2012;96,125;95,875;96,375
21.09.2012;96,375;96,125;96,625
24.09.2012;98,5;98,25;98,75
25.09.2012;102,625;102,25;103
26.09.2012;102,188;101,94;102,436
27.09.2012;98,501;98,252;98,749
28.09.2012;99;98,75;99,25
01.10.2012;98,25;98;98,5
02.10.2012;98,25;98;98,5
03.10.2012;96,125;95,875;96,375
04.10.2012;95,063;94,816;95,31
05.10.2012;95;94,75;95,25
09.10.2012;97,875;97,625;98,125
10.10.2012;99;98,75;99,25
11.10.2012;97,25;97;97,5
12.10.2012;97;96,75;97,25
15.10.2012;95,625;95,375;95,875
16.10.2012;92,5;92,25;92,75
17.10.2012;89,875;89,5;90,25
18.10.2012;90,938;90,69;91,186
19.10.2012;93,75;93,5;94
22.10.2012;94;93,75;94,25
23.10.2012;96,875;96,625;97,125
24.10.2012;98,552;98,307;98,797
25.10.2012;98,25;98;98,5
26.10.2012;98,068;97,792;98,343
29.10.2012;100,75;100,375;101,125
31.10.2012;99,688;99,441;99,935
01.11.2012;96,25;96;96,5
02.11.2012;97,375;97,125;97,625
05.11.2012;96,86;96,636;97,084
06.11.2012;96,128;95,881;96,375
07.11.2012;100,219;99,981;100,457
08.11.2012;104,312;104,074;104,549
09.11.2012;106,727;106,479;106,975
13.11.2012;106,875;106,625;107,125
14.11.2012;108,5;108,25;108,75
15.11.2012;111,156;110,907;111,406
16.11.2012;109,75;109,5;110
19.11.2012;103;102,75;103,25
20.11.2012;101,5;101,25;101,75
21.11.2012;100,5;100,25;100,75
23.11.2012;99,125;98,875;99,375
26.11.2012;100,75;100,5;101
27.11.2012;102,25;102;102,5
28.11.2012;100,875;100,635;101,115
29.11.2012;99,25;99;99,5
30.11.2012;98,563;98,188;98,938
03.12.2012;99,875;99,63;100,12
04.12.2012;100,438;100,203;100,673
05.12.2012;97,813;97,563;98,062
06.12.2012;97,475;97,237;97,712
07.12.2012;96,875;96,5;97,25
10.12.2012;95,417;95,167;95,666
11.12.2012;93,583;93,334;93,833
12.12.2012;93,375;93,125;93,625
13.12.2012;94,438;94,203;94,673
14.12.2012;95,032;94,625;95,438
17.12.2012;91,875;91,625;92,125
18.12.2012;89,125;88,88;89,37
19.12.2012;89,813;89,568;90,058
20.12.2012;88,625;88,385;88,865
21.12.2012;92,625;92,26;92,99
24.12.2012;93,56;93,19;93,93
26.12.2012;95;94,75;95,25
27.12.2012;94,75;94,5;95
28.12.2012;100,75;100,5;101
31.12.2012;94,125;93,625;94,625
02.01.2013;85;84,75;85,25
03.01.2013;85,625;85,375;85,875
04.01.2013;85,625;85,375;85,875
07.01.2013;84,967;84,735;85,2
08.01.2013;85,625;85,38;85,87
09.01.2013;86,733;86,488;86,978
10.01.2013;86,125;85,875;86,375
11.01.2013;87,219;86,974;87,464
14.01.2013;89,563;89,318;89,808
15.01.2013;88,625;88,385;88,865
16.01.2013;88,75;88,5;89
17.01.2013;87,5;87,25;87,75
18.01.2013;87,193;86,951;87,435
22.01.2013;86,25;86;86,5
23.01.2013;86,625;86,375;86,875
24.01.2013;86,469;86,22;86,717
25.01.2013;84,881;84,636;85,125
28.01.2013;85,796;85,602;85,991
29.01.2013;86,125;85,875;86,375
30.01.2013;90,375;90;90,75
31.01.2013;88,781;88,536;89,026
01.02.2013;86,125;85,875;86,375
04.02.2013;90,25;90;90,5
05.02.2013;88,5;88,25;88,75
06.02.2013;89,5;89,25;89,75
07.02.2013;89,885;89,67;90,1
08.02.2013;89,5;89,25;89,75
11.02.2013;89,563;89,347;89,779
12.02.2013;87,25;87;87,5
13.02.2013;86;85,75;86,25
14.02.2013;86;85,75;86,25
15.02.2013;86,41;86,16;86,66
19.02.2013;85,313;85,098;85,528
20.02.2013;87,5;87,25;87,75
21.02.2013;88,415;88,2;88,631
22.02.2013;86,281;86,079;86,483
25.02.2013;90,25;90;90,5
26.02.2013;89,5;89,25;89,75
27.02.2013;87,313;87,063;87,563
28.02.2013;88;87,75;88,25
01.03.2013;86,313;86,096;86,53
04.03.2013;84,626;84,406;84,845
05.03.2013;83,25;83;83,5
06.03.2013;83,75;83,5;84
07.03.2013;82,625;82,313;82,937
08.03.2013;80,5;80,25;80,75
11.03.2013;79,25;79;79,5
12.03.2013;79,672;79,49;79,854
13.03.2013;79;78,75;79,25
14.03.2013;78,376;78,151;78,6
15.03.2013;78,715;78,476;78,953
18.03.2013;80,25;80;80,5
19.03.2013;81,755;81,51;82
20.03.2013;89,5;89,25;89,75
21.03.2013;91,375;91,125;91,625
22.03.2013;90,183;89,94;90,426
25.03.2013;91;90,75;91,25
26.03.2013;90,5;90,25;90,75
27.03.2013;92,375;92,125;92,625
28.03.2013;90,75;90,5;91
01.04.2013;89,934;89,736;90,132
02.04.2013;87,5;87,25;87,75
03.04.2013;89,219;88,984;89,453
04.04.2013;87,875;87,625;88,125
05.04.2013;87,125;86,75;87,5
08.04.2013;85,438;85,214;85,662
09.04.2013;84,75;84,5;85
10.04.2013;82;81,75;82,25
11.04.2013;81,501;81,312;81,689
12.04.2013;82;81,76;82,24
15.04.2013;85,25;85;85,5
16.04.2013;81,751;81,506;81,995
17.04.2013;84;83,75;84,25
18.04.2013;85,25;85;85,5
19.04.2013;83,751;83,506;83,995
22.04.2013;82,094;81,882;82,306
23.04.2013;80,625;80,375;80,875
24.04.2013;80;79,75;80,25
25.04.2013;79;78,755;79,245
26.04.2013;78,188;77,985;78,391
29.04.2013;76,25;76;76,5
30.04.2013;75;74,75;75,25
01.05.2013;77,75;77,5;78
02.05.2013;74,188;73,938;74,438
03.05.2013;71,532;71,297;71,767
06.05.2013;70,643;70,409;70,878
07.05.2013;68,75;68,5;69
08.05.2013;69;68,75;69,25
09.05.2013;70,938;70,693;71,183
10.05.2013;72;71,75;72,25
13.05.2013;73,375;73,125;73,625
14.05.2013;72,75;72,5;73
15.05.2013;71,475;71,23;71,72
16.05.2013;71,5;71,255;71,745
17.05.2013;70,416;70,171;70,661
20.05.2013;71;70,75;71,25
21.05.2013;70,125;69,875;70,375
22.05.2013;71,563;71,313;71,812
23.05.2013;73,375;73,125;73,625
24.05.2013;75,813;75,568;76,058
28.05.2013;75,75;75,5;76
29.05.2013;77;76,75;77,25
30.05.2013;76,344;76,103;76,586
31.05.2013;79,25;79;79,5
03.06.2013;78,771;78,5;79,041
04.06.2013;81,75;81,5;82
05.06.2013;86,001;85,732;86,269
06.06.2013;83,3;83,075;83,526
07.06.2013;81,001;80,71;81,291
10.06.2013;83,751;83,482;84,019
11.06.2013;85,5;85,13;85,87
12.06.2013;87,375;87;87,75
13.06.2013;81,958;81,625;82,291
14.06.2013;84,063;83,563;84,563
17.06.2013;82,001;81,712;82,289
18.06.2013;81,984;81,679;82,289
19.06.2013;87,937;87,504;88,37
20.06.2013;93,343;92,89;93,797
21.06.2013;94,001;93,629;94,372
24.06.2013;97,563;97,063;98,063
25.06.2013;92,063;91,563;92,563
26.06.2013;88;87,5;88,5
27.06.2013;86,001;85,669;86,332
28.06.2013;86,75;86,42;87,08
01.07.2013;84,5;84,042;84,958
02.07.2013;86;85,5;86,5
03.07.2013;85,125;84,625;85,625
05.07.2013;86,5;86;87
08.07.2013;82,688;82,188;83,188
09.07.2013;81,625;81,25;82
10.07.2013;81,328;80,953;81,703
11.07.2013;78,25;77,875;78,625
12.07.2013;78,032;77,625;78,438
15.07.2013;77,001;76,688;77,313
16.07.2013;78,001;77,688;78,313
17.07.2013;76,188;75,875;76,5
18.07.2013;74,501;74,152;74,849
19.07.2013;72,593;72,25;72,937
22.07.2013;72,782;72,493;73,071
23.07.2013;75,001;74,688;75,313
24.07.2013;76,282;76;76,563
25.07.2013;76,375;76,125;76,625
26.07.2013;74,438;74,063;74,813
29.07.2013;75,906;75,625;76,187
30.07.2013;75,531;75,283;75,779
31.07.2013;74,938;74,563;75,313
01.08.2013;74,375;74,125;74,625
02.08.2013;72,75;72,375;73,125
05.08.2013;72,838;72,588;73,088
06.08.2013;74,5;74,125;74,875
07.08.2013;76,251;75,938;76,563
08.08.2013;75,188;74,942;75,435
09.08.2013;75,376;75,107;75,644
12.08.2013;75,688;75,375;76
13.08.2013;75,25;75;75,5
14.08.2013;75,5;75,25;75,75
15.08.2013;79,625;79,25;80
16.08.2013;81,594;81,313;81,875
19.08.2013;84,25;84;84,5
20.08.2013;82,25;81,885;82,615
21.08.2013;84,375;84,01;84,74
22.08.2013;80,75;80,5;81
23.08.2013;78,875;78,5;79,25
26.08.2013;79,626;79,313;79,938
27.08.2013;84;83,625;84,375
28.08.2013;83,438;83,168;83,708
29.08.2013;82,563;82,25;82,875
30.08.2013;84,001;83,691;84,31
03.09.2013;83,563;83,25;83,875
04.09.2013;82,75;82,5;83
05.09.2013;83,625;83,375;83,875
06.09.2013;82;81,75;82,25
09.09.2013;78,875;78,625;79,125
10.09.2013;78;77,75;78,25
11.09.2013;76,126;75,88;76,371
12.09.2013;77,688;77,442;77,934
13.09.2013;77,125;76,875;77,375
16.09.2013;74,376;74,128;74,623
17.09.2013;72,938;72,625;73,25
18.09.2013;69,76;69,438;70,083
19.09.2013;69,875;69,625;70,125
20.09.2013;79,938;79,688;80,188
23.09.2013;80,188;79,94;80,435
24.09.2013;78,875;78,625;79,125
25.09.2013;79,751;79,503;79,998
26.09.2013;79,751;79,505;79,996
27.09.2013;80,915;80,669;81,161
30.09.2013;82,001;81,755;82,246
01.10.2013;79,749;79,514;79,985
02.10.2013;79,604;79,334;79,875
03.10.2013;81;80,75;81,25
04.10.2013;79,438;79,189;79,687
07.10.2013;82,5;82,25;82,75
08.10.2013;84,5;84,25;84,75
09.10.2013;83,376;83,126;83,625
10.10.2013;78,688;78,375;79
11.10.2013;76,875;76,5;77,25
15.10.2013;76,813;76,5;77,125
16.10.2013;73,75;73,5;74
17.10.2013;71,501;71,262;71,739
18.10.2013;71,375;71;71,75
21.10.2013;72,266;72,029;72,503
22.10.2013;69,923;69,673;70,172
23.10.2013;72,001;71,688;72,313
24.10.2013;72,25;72;72,5
25.10.2013;71,625;71,344;71,906
28.10.2013;71,609;71,372;71,846
29.10.2013;71,125;70,875;71,375
30.10.2013;73,125;72,75;73,5
31.10.2013;72,843;72,618;73,069
01.11.2013;73,438;73,084;73,791
04.11.2013;73,126;72,876;73,375
05.11.2013;74,558;74,309;74,807
06.11.2013;72,563;72,323;72,803
07.11.2013;74,063;73,835;74,291
08.11.2013;71,625;71,38;71,87
12.11.2013;73,281;73,046;73,517
13.11.2013;72,333;72;72,666
14.11.2013;71,671;71,434;71,909
15.11.2013;70,25;70;70,5
18.11.2013;71,501;71,263;71,738
19.11.2013;72,625;72,375;72,875
20.11.2013;72,5;72,25;72,75
21.11.2013;70,697;70,449;70,946
22.11.2013;68,563;68,315;68,811
25.11.2013;67,875;67,5;68,25
26.11.2013;68,563;68,25;68,875
27.11.2013;68,969;68,594;69,344
29.11.2013;69,625;69,25;70
02.12.2013;69,63;69,392;69,868
03.12.2013;70,557;70,319;70,795
04.12.2013;70,75;70,5;71
05.12.2013;72,501;72,263;72,738
06.12.2013;69,25;69;69,5
09.12.2013;67,24;66,99;67,49
10.12.2013;67,875;67,625;68,125
11.12.2013;70,25;70;70,5
12.12.2013;70,25;70;70,5
13.12.2013;70,004;69,766;70,242
16.12.2013;69,313;69,075;69,551
17.12.2013;70;69,75;70,25
18.12.2013;67,5;67,125;67,875
19.12.2013;66,089;65,844;66,333
20.12.2013;64,75;64,375;65,125
23.12.2013;62,875;62,5;63,25
24.12.2013;62,313;61,938;62,688
26.12.2013;61,938;61,625;62,25
27.12.2013;63,25;62,917;63,583
30.12.2013;63,75;63,5;64
31.12.2013;62,25;61,875;62,625
02.01.2014;63,344;63,107;63,582
03.01.2014;62,852;62,619;63,085
06.01.2014;63;62,75;63,25
07.01.2014;64,25;64;64,5
08.01.2014;65,01;64,813;65,208
09.01.2014;65;64,75;65,25
10.01.2014;63,813;63,51;64,115
13.01.2014;66,125;65,875;66,375
14.01.2014;64,75;64,5;65
15.01.2014;63,438;63,188;63,688
16.01.2014;65;64,625;65,375
17.01.2014;65,297;65,05;65,543
21.01.2014;65,626;65,416;65,835
22.01.2014;65,625;65,375;65,875
23.01.2014;67,75;67,5;68
24.01.2014;72,75;72,5;73
27.01.2014;72,75;72,5;73
28.01.2014;69,907;69,687;70,127
29.01.2014;72,519;72,263;72,775
30.01.2014;71,611;71,384;71,837
31.01.2014;71,557;71,327;71,787
03.02.2014;74,563;74,25;74,875
04.02.2014;73,033;72,8;73,266
05.02.2014;72,962;72,725;73,2
06.02.2014;69,8;69,57;70,03
07.02.2014;67,551;67,314;67,787
10.02.2014;67,75;67,5;68
11.02.2014;65,5;65,25;65,75
12.02.2014;65,141;64,945;65,336
13.02.2014;64,75;64,5;65
14.02.2014;63,907;63,625;64,188
18.02.2014;64;63,78;64,22
19.02.2014;66;65,75;66,25
20.02.2014;64,75;64,5;65
21.02.2014;65,125;64,875;65,375
24.02.2014;63,937;63,715;64,159
25.02.2014;64,35;64,103;64,596
26.02.2014;64,688;64,438;64,938
27.02.2014;63,777;63,571;63,983
28.02.2014;63,5;63,279;63,722
03.03.2014;65,313;65,114;65,512
04.03.2014;62,375;62,125;62,625
05.03.2014;62,442;62,236;62,648
06.03.2014;62,75;62,375;63,125
07.03.2014;63,4;63,175;63,625
10.03.2014;63,251;63,055;63,447
11.03.2014;64,001;63,812;64,19
12.03.2014;65,156;64,957;65,355
13.03.2014;67,681;67,46;67,902
14.03.2014;67,469;67,232;67,705
17.03.2014;65;64,75;65,25
18.03.2014;63,13;62,94;63,319
19.03.2014;64,673;64,452;64,894
20.03.2014;71,375;71,125;71,625
21.03.2014;70,751;70,511;70,99
24.03.2014;71,817;71,602;72,033
25.03.2014;71,313;71,122;71,504
26.03.2014;72;71,8;72,2
27.03.2014;71,135;70,937;71,333
28.03.2014;70,4;70,15;70,65
31.03.2014;69,094;68,875;69,313
01.04.2014;67,501;67,313;67,688
02.04.2014;67,406;67,156;67,656
03.04.2014;66,942;66,749;67,135
04.04.2014;67,189;66,941;67,438
07.04.2014;67,969;67,75;68,188
08.04.2014;67,643;67,418;67,868
09.04.2014;65,125;64,875;65,375
10.04.2014;67,725;67,5;67,95
11.04.2014;69,5;69,25;69,75
14.04.2014;68,315;68,09;68,54
15.04.2014;68,875;68,625;69,125
16.04.2014;68,25;68;68,5
17.04.2014;67,688;67,438;67,938
21.04.2014;66,85;66,65;67,05
22.04.2014;65,438;65,25;65,625
23.04.2014;65,5;65,25;65,75
24.04.2014;66,073;65,873;66,273
25.04.2014;67,2;67,01;67,389
28.04.2014;65,75;65,5;66
29.04.2014;65,688;65,438;65,938
30.04.2014;64,29;64,04;64,54
01.05.2014;64,049;63,852;64,247
02.05.2014;64,28;64,03;64,53
05.05.2014;64,626;64,376;64,876
06.05.2014;65,7;65,483;65,916
07.05.2014;64,68;64,505;64,855
08.05.2014;64,142;63,908;64,375
09.05.2014;63,768;63,552;63,983
12.05.2014;62,529;62,342;62,717
13.05.2014;62,291;62,122;62,459
14.05.2014;63,284;63,108;63,459
15.05.2014;65,245;65,06;65,431
16.05.2014;64,75;64,5;65
19.05.2014;64,995;64,74;65,25
20.05.2014;66,175;66;66,351
21.05.2014;65,25;65;65,5
22.05.2014;63,751;63,563;63,939
23.05.2014;63,25;63;63,5
27.05.2014;62,347;62,153;62,541
28.05.2014;62,725;62,475;62,975
29.05.2014;62,325;62,075;62,575
30.05.2014;62,25;62;62,5
02.06.2014;62,5;62,25;62,75
03.06.2014;62,103;61,938;62,268
04.06.2014;61,95;61,7;62,2
05.06.2014;60,02;59,845;60,195
06.06.2014;57,063;56,813;57,312
09.06.2014;57,186;57,01;57,361
10.06.2014;57,283;57,083;57,483
11.06.2014;58,477;58,324;58,63
12.06.2014;60,25;60;60,499
13.06.2014;59,813;59,612;60,015
16.06.2014;60,359;60,2;60,518
17.06.2014;59,92;59,67;60,17
18.06.2014;56,75;56,55;56,95
19.06.2014;56,25;56;56,5
20.06.2014;56,813;56,582;57,044
23.06.2014;55,881;55,631;56,131
24.06.2014;56,25;56,077;56,424
25.06.2014;56,225;56,025;56,425
26.06.2014;56,785;56,594;56,975
27.06.2014;57,35;57,1;57,6
30.06.2014;58,735;58,541;58,929
01.07.2014;56,576;56,386;56,766
02.07.2014;56,931;56,737;57,124
03.07.2014;54,968;54,75;55,187
07.07.2014;55,98;55,789;56,172
08.07.2014;57,708;57,506;57,911
09.07.2014;57,155;56,958;57,352
10.07.2014;57,783;57,588;57,978
11.07.2014;58,35;58,1;58,6
14.07.2014;57,156;57,004;57,307
15.07.2014;57,5;57,25;57,75
16.07.2014;57,014;56,814;57,214
17.07.2014;60,519;60,272;60,765
18.07.2014;58,545;58,295;58,795
21.07.2014;59,498;59,289;59,706
22.07.2014;58,65;58,4;58,9
23.07.2014;58,549;58,353;58,746
24.07.2014;58,97;58,77;59,17
25.07.2014;59,437;59,204;59,67
28.07.2014;59,559;59,359;59,759
29.07.2014;60,325;60,125;60,525
30.07.2014;60,375;60,192;60,559
31.07.2014;64;63,75;64,25
01.08.2014;66,757;66,517;66,997
04.08.2014;63,759;63,528;63,991
05.08.2014;65,75;65,5;66
06.08.2014;65,853;65,577;66,128
07.08.2014;67,65;67,4;67,9
08.08.2014;64,65;64,4;64,9
11.08.2014;63,194;62,894;63,494
12.08.2014;63,05;62,8;63,3
13.08.2014;60,65;60,4;60,9
14.08.2014;59,213;58,991;59,435
15.08.2014;59,625;59,391;59,86
18.08.2014;56,951;56,752;57,15
19.08.2014;57,4;57,15;57,65
20.08.2014;57,675;57,465;57,885
21.08.2014;56;55,75;56,25
22.08.2014;57,799;57,59;58,009
25.08.2014;55,85;55,6;56,1
26.08.2014;55,892;55,69;56,094
27.08.2014;56,1;55,85;56,35
28.08.2014;56,4;56,15;56,65
29.08.2014;56,55;56,3;56,8
02.09.2014;56,75;56,5;57
03.09.2014;56,842;56,659;57,026
04.09.2014;56,85;56,6;57,1
05.09.2014;56,064;55,871;56,258
08.09.2014;56,738;56,512;56,963
09.09.2014;59,5;59,25;59,75
10.09.2014;58,4;58,15;58,65
11.09.2014;59,151;58,948;59,353
12.09.2014;59,894;59,694;60,094
15.09.2014;61,353;61,13;61,575
16.09.2014;60,204;60,009;60,399
17.09.2014;58,75;58,5;59
18.09.2014;57,2;56,985;57,415
19.09.2014;56,312;56,11;56,513
22.09.2014;58,701;58,476;58,926
23.09.2014;60,608;60,392;60,825
24.09.2014;59,444;59,247;59,64
25.09.2014;61,65;61,4;61,9
26.09.2014;64,075;63,75;64,4
29.09.2014;66,829;66,575;67,083
30.09.2014;64,389;64,156;64,623
01.10.2014;65;64,75;65,25
02.10.2014;62,675;62,434;62,917
03.10.2014;58,55;58,3;58,8
06.10.2014;67,852;67,635;68,069
07.10.2014;69,778;69,545;70,011
08.10.2014;66,95;66,7;67,2
09.10.2014;70,155;69,905;70,405
10.10.2014;71,75;71,5;72
14.10.2014;72,75;72,5;73
15.10.2014;74;73,75;74,25
16.10.2014;73,65;73,4;73,9
17.10.2014;70,4;70,15;70,65
20.10.2014;69,251;69,027;69,474
21.10.2014;66,025;65,794;66,257
22.10.2014;68,05;67,8;68,3
23.10.2014;66,034;65,818;66,25
24.10.2014;64,9;64,676;65,125
27.10.2014;65;64,75;65,25
28.10.2014;64,45;64,2;64,7
29.10.2014;65,75;65,5;66
30.10.2014;65,8;65,55;66,05
31.10.2014;63,95;63,7;64,2
03.11.2014;64,201;63,975;64,426
04.11.2014;65,262;65,023;65,5
05.11.2014;64,75;64,5;65
06.11.2014;64,6;64,35;64,85
07.11.2014;65,35;65,1;65,6
10.11.2014;64,283;64,051;64,515
12.11.2014;64,45;64,25;64,65
13.11.2014;65,025;64,8;65,25
14.11.2014;65,35;65,1;65,6
17.11.2014;66,479;66,295;66,662
18.11.2014;67,105;66,905;67,305
19.11.2014;66,625;66,4;66,85
20.11.2014;65,85;65,616;66,083
21.11.2014;63,75;63,5;64
24.11.2014;61,185;60,994;61,375
25.11.2014;60,675;60,45;60,9
26.11.2014;60,45;60,265;60,635
28.11.2014;60,451;60,245;60,656
01.12.2014;62,75;62,5;63
02.12.2014;62,1;61,85;62,35
03.12.2014;61,55;61,38;61,72
04.12.2014;61,8;61,615;61,985
05.12.2014;62,501;62,303;62,698
08.12.2014;64,537;64,335;64,74
09.12.2014;64,831;64,621;65,041
10.12.2014;68,1;67,874;68,325
11.12.2014;69,15;68,917;69,384
12.12.2014;72,555;72,332;72,779
15.12.2014;74,408;74,158;74,658
16.12.2014;76,258;76,033;76,484
17.12.2014;69,673;69,425;69,92
18.12.2014;65,094;64,8;65,389
19.12.2014;64,51;64,277;64,744
22.12.2014;64,9;64,65;65,15
23.12.2014;64,4;64,175;64,626
24.12.2014;64,501;64,267;64,734
26.12.2014;64,501;64,291;64,71
29.12.2014;65,475;65,225;65,725
30.12.2014;66,35;66,1;66,6
31.12.2014;66,326;66,1;66,551
02.01.2015;66,35;66,127;66,574
05.01.2015;69,175;68,971;69,379
06.01.2015;71,75;71,5;72
07.01.2015;70,036;69,811;70,262
08.01.2015;68,46;68,21;68,71
09.01.2015;69,78;69,53;70,03
12.01.2015;71,019;70,769;71,269
13.01.2015;71,505;71,255;71,755
14.01.2015;71,23;70,98;71,48
15.01.2015;73,26;73,01;73,51
16.01.2015;71,951;71,701;72,2
20.01.2015;72,25;72;72,5
21.01.2015;69,85;69,6;70,1
22.01.2015;68,15;67,9;68,4
23.01.2015;68,05;67,8;68,3
26.01.2015;65,525;65,15;65,9
27.01.2015;66,904;66,654;67,154
28.01.2015;69,1;68,85;69,35
29.01.2015;68,1;67,85;68,35
30.01.2015;70,58;70,33;70,83
02.02.2015;68,728;68,528;68,928
03.02.2015;65,25;65;65,5
04.02.2015;68,25;68;68,5
05.02.2015;66,05;65,8;66,3
06.02.2015;65,9;65,65;66,15
09.02.2015;66,65;66,4;66,9
10.02.2015;66,005;65,755;66,255
11.02.2015;66,35;66,153;66,546
12.02.2015;65,426;65,176;65,676
13.02.2015;64,85;64,6;65,1
17.02.2015;65,075;64,85;65,3
18.02.2015;64,013;63,805;64,221
19.02.2015;64,234;64,014;64,454
20.02.2015;63,35;63,1;63,6
23.02.2015;63,52;63,307;63,733
24.02.2015;62,001;61,796;62,205
25.02.2015;61,7;61,474;61,926
26.02.2015;61,517;61,305;61,729
27.02.2015;61,227;61,022;61,431
02.03.2015;60,801;60,601;61,001
03.03.2015;61,729;61,538;61,921
04.03.2015;61,593;61,398;61,789
05.03.2015;60,103;59,903;60,303
06.03.2015;62,031;61,806;62,255
09.03.2015;63,649;63,449;63,849
10.03.2015;65,075;64,85;65,3
11.03.2015;65,33;65,08;65,58
12.03.2015;64,125;63,9;64,35
13.03.2015;65,95;65,7;66,2
16.03.2015;65,314;65,088;65,541
17.03.2015;64,99;64,777;65,202
18.03.2015;62,1;61,85;62,35
19.03.2015;63,609;63,409;63,809
20.03.2015;63;62,8;63,2
23.03.2015;62,7;62,45;62,95
24.03.2015;62,812;62,612;63,012
25.03.2015;64,75;64,5;65
26.03.2015;64,171;63,956;64,385
27.03.2015;64,7;64,45;64,95
30.03.2015;64,026;63,801;64,251
31.03.2015;63,65;63,434;63,867
01.04.2015;63,25;63,05;63,45
02.04.2015;62,731;62,544;62,919
03.04.2015;63,163;62,913;63,413
06.04.2015;61,1;60,85;61,35
07.04.2015;60,201;59,988;60,413
08.04.2015;60,476;60,248;60,703
09.04.2015;60,557;60,371;60,743
10.04.2015;60,744;60,546;60,943
13.04.2015;61,994;61,782;62,206
14.04.2015;61,689;61,478;61,901
15.04.2015;60,625;60,415;60,836
16.04.2015;61,3;61;61,6
17.04.2015;63,375;63,157;63,592
20.04.2015;62,475;62,3;62,65
21.04.2015;61,987;61,773;62,201
22.04.2015;61,429;61,217;61,642
23.04.2015;61,2;60,975;61,425
24.04.2015;61;60,8;61,2
27.04.2015;61,037;60,875;61,2
28.04.2015;61,141;60,93;61,352
29.04.2015;62,674;62,437;62,912
30.04.2015;63,458;63,247;63,668
01.05.2015;62,775;62,55;63
04.05.2015;62,738;62,525;62,951
05.05.2015;63,975;63,75;64,2
06.05.2015;65,525;65,3;65,75
07.05.2015;65,875;65,675;66,075
08.05.2015;63,006;62,803;63,208
11.05.2015;64,918;64,703;65,132
12.05.2015;65,059;64,859;65,259
13.05.2015;65,554;65,357;65,751
14.05.2015;63,675;63,45;63,9
15.05.2015;62,591;62,388;62,794
18.05.2015;63,258;63,037;63,479
19.05.2015;63,975;63,6;64,35
20.05.2015;64,225;64;64,45
21.05.2015;63,427;63,23;63,625
22.05.2015;63,85;63,6;64,1
26.05.2015;63,907;63,692;64,121
27.05.2015;62,885;62,675;63,096
28.05.2015;63,846;63,641;64,051
29.05.2015;63,925;63,7;64,15
01.06.2015;63,75;63,5;64
02.06.2015;63,99;63,817;64,162
03.06.2015;65,187;64,972;65,401
04.06.2015;65,96;65,762;66,159
05.06.2015;66,893;66,689;67,097
08.06.2015;68,298;68,051;68,545
09.06.2015;67,768;67,569;67,967
10.06.2015;66,3;66,05;66,55
11.06.2015;65,75;65,5;66
12.06.2015;67,4;67,15;67,65
15.06.2015;70,053;69,841;70,266
16.06.2015;68,808;68,607;69,009
17.06.2015;70,066;69,816;70,316
18.06.2015;68,238;67,988;68,488
19.06.2015;68,187;67,939;68,434
22.06.2015;65,25;65,001;65,499
23.06.2015;65;64,75;65,25
24.06.2015;67,25;67;67,5
25.06.2015;67,28;67,03;67,53
26.06.2015;67,45;67,2;67,7
29.06.2015;71,757;71,451;72,062
30.06.2015;69,918;69,686;70,15
01.07.2015;68,25;68;68,5
02.07.2015;67,9;67,6;68,2
06.07.2015;71,417;71,218;71,617
07.07.2015;71,061;70,813;71,309
08.07.2015;73,3;73,05;73,55
09.07.2015;72,848;72,609;73,088
10.07.2015;69,75;69,25;70,25
13.07.2015;67,746;67,5;67,992
14.07.2015;67,31;67,084;67,535
15.07.2015;67,35;67,1;67,6
16.07.2015;64,906;64,73;65,081
17.07.2015;65,548;65,298;65,798
20.07.2015;65,9;65,65;66,15
21.07.2015;67,3;67;67,6
22.07.2015;68,45;68,2;68,7
23.07.2015;69,5;69,25;69,75
24.07.2015;71,65;71,4;71,9
27.07.2015;73,175;72,966;73,384
28.07.2015;70,9;70,688;71,113
29.07.2015;70,15;69,965;70,336
30.07.2015;71,3;71,075;71,525
31.07.2015;70,751;70,535;70,967
03.08.2015;71,913;71,726;72,101
04.08.2015;72,2;72;72,4
05.08.2015;72,025;71,838;72,213
06.08.2015;74,35;74,1;74,6
07.08.2015;74,646;74,417;74,875
10.08.2015;73,65;73,4;73,9
11.08.2015;75,308;75,121;75,495
12.08.2015;75,925;75,767;76,084
13.08.2015;76,75;76,55;76,95
14.08.2015;76,55;76,3;76,8
17.08.2015;76,5;76,25;76,75
18.08.2015;77,889;77,587;78,191
19.08.2015;79,501;79,311;79,69
20.08.2015;80,875;80,65;81,1
21.08.2015;82,7;82,5;82,9
24.08.2015;87,875;87,5;88,25
25.08.2015;87,338;87;87,675
26.08.2015;82,2;81,95;82,45
27.08.2015;78,35;78;78,7
28.08.2015;80,104;79,854;80,354
31.08.2015;81,75;81,5;82
01.09.2015;84,55;84,3;84,8
02.09.2015;82,6;82,3;82,9
03.09.2015;82;81,75;82,25
04.09.2015;83,501;83,261;83,74
08.09.2015;79,3;78,9;79,7
09.09.2015;80,951;80,728;81,173
10.09.2015;79,775;79,566;79,985
11.09.2015;79,6;79,35;79,85
14.09.2015;79,715;79,509;79,922
15.09.2015;78,85;78,65;79,05
16.09.2015;77,25;77;77,5
17.09.2015;76,906;76,712;77,1
18.09.2015;78,251;78,027;78,474
21.09.2015;81,25;81;81,5
22.09.2015;83,15;82,8;83,5
23.09.2015;84,308;84,008;84,608
24.09.2015;86,078;85,804;86,353
25.09.2015;88,375;88;88,75
28.09.2015;92,524;92,274;92,774
29.09.2015;92,826;92,585;93,066
30.09.2015;93,6;93,2;94
01.10.2015;94,35;94,15;94,55
02.10.2015;92,501;92,275;92,726
05.10.2015;87,25;86,95;87,55
06.10.2015;88,133;87,8;88,466
07.10.2015;83,85;83,55;84,15
08.10.2015;81,85;81,387;82,313
09.10.2015;81,6;81,217;81,983
13.10.2015;83,967;83,534;84,4
14.10.2015;85,65;85,4;85,9
15.10.2015;82,832;82,587;83,077
16.10.2015;81,333;81,083;81,583
19.10.2015;80,05;79,794;80,307
20.10.2015;81,209;80,966;81,452
21.10.2015;82,363;82,021;82,705
22.10.2015;80,085;79,774;80,395
23.10.2015;77,268;76,999;77,537
26.10.2015;77,816;77,598;78,035
27.10.2015;78,277;77,811;78,744
28.10.2015;77,316;76,983;77,649
29.10.2015;78,547;78,315;78,778
30.10.2015;78,887;78,588;79,187
02.11.2015;76,566;76,217;76,916
03.11.2015;75,581;75,263;75,9
04.11.2015;77,599;77,32;77,878
05.11.2015;78,26;77,885;78,634
06.11.2015;79,388;79,076;79,7
09.11.2015;81,052;80,74;81,364
10.11.2015;81,05;80,795;81,305
12.11.2015;83,378;83,122;83,634
13.11.2015;85,655;85,332;85,978
16.11.2015;83,016;82,642;83,391
17.11.2015;83,393;83,102;83,685
18.11.2015;81,889;81,428;82,35
19.11.2015;84,893;84,519;85,268
20.11.2015;84,557;84,258;84,855
23.11.2015;84,942;84,647;85,237
24.11.2015;85,253;84,915;85,59
25.11.2015;84,535;84,179;84,891
27.11.2015;84,537;84,185;84,89
30.11.2015;83,969;83,738;84,2
01.12.2015;80,55;80,134;80,966
02.12.2015;82,208;81,88;82,537
03.12.2015;83,482;83,171;83,794
04.12.2015;81,965;81,672;82,259
07.12.2015;83,474;83,193;83,755
08.12.2015;86,021;85,696;86,346
09.12.2015;85,98;85,672;86,289
10.12.2015;87,844;87,526;88,163
11.12.2015;96,325;95,769;96,881
14.12.2015;92,708;92,29;93,127
15.12.2015;90,545;90,072;91,018
16.12.2015;89,463;89,06;89,866
17.12.2015;94,419;94;94,838
18.12.2015;95,251;94,848;95,655
21.12.2015;95,088;94,719;95,456
22.12.2015;92,396;92,047;92,746
23.12.2015;89,959;89,528;90,39
24.12.2015;89,705;89,205;90,205
28.12.2015;90,538;90,082;90,994
29.12.2015;88,422;87,994;88,85
30.12.2015;88,428;88,035;88,822
31.12.2015;88,244;87,682;88,807
04.01.2016;90,503;90,162;90,844
05.01.2016;90,581;90,2;90,962
06.01.2016;92,702;92,318;93,087
07.01.2016;96,07;95,595;96,544
08.01.2016;98,652;98,021;99,283
11.01.2016;98,352;98,032;98,671
12.01.2016;98,706;98,414;98,999
13.01.2016;104,708;104,239;105,176
14.01.2016;103,685;103,224;104,146
15.01.2016;109,992;109,44;110,543
19.01.2016;110,452;110,054;110,851
20.01.2016;110,868;110,524;111,213
21.01.2016;108,587;108,071;109,102
22.01.2016;104,094;103,61;104,578
25.01.2016;106,757;106,336;107,179
26.01.2016;104,573;104,152;104,994
27.01.2016;104,729;104,312;105,147
28.01.2016;103,437;102,907;103,966
29.01.2016;101,98;101,451;102,51
01.02.2016;104,02;103,664;104,376
02.02.2016;108,652;108,27;109,034
03.02.2016;107,695;107,345;108,046
04.02.2016;109,574;109,067;110,081
05.02.2016;114,8;114,332;115,269
08.02.2016;120,244;119,682;120,806
09.02.2016;119,554;119,056;120,052
10.02.2016;121,563;121,063;122,062
11.02.2016;124,6;124,1;125,101
12.02.2016;121,962;121,488;122,437
16.02.2016;121,253;120,755;121,752
17.02.2016;116,818;116,319;117,318
18.02.2016;116,77;116,359;117,181
19.02.2016;118,128;117,581;118,674
22.02.2016;113,495;113,049;113,941
23.02.2016;115,725;115,267;116,183
24.02.2016;114,503;113,793;115,212
25.02.2016;112,628;112,156;113,099
26.02.2016;110,29;109,823;110,757
29.02.2016;107,456;106,967;107,945
01.03.2016;100,583;100,092;101,073
02.03.2016;100,125;99,657;100,593
03.03.2016;96,946;96,509;97,382
04.03.2016;94,368;93,877;94,858
07.03.2016;93,71;93,316;94,103
08.03.2016;98,167;97,723;98,61
09.03.2016;96,213;95,856;96,57
10.03.2016;90,813;90,363;91,263
11.03.2016;82,847;82,324;83,37
14.03.2016;85,126;84,67;85,582
15.03.2016;89,083;88,621;89,546
16.03.2016;85,711;85,149;86,273
17.03.2016;83,694;83,16;84,228
18.03.2016;85,154;84,479;85,828
21.03.2016;77,556;77,041;78,071
22.03.2016;80,855;80,327;81,383
23.03.2016;81,253;80,791;81,715
24.03.2016;83,415;82,79;84,039
28.03.2016;83,23;82,755;83,705
29.03.2016;82,52;82,089;82,95
30.03.2016;78,508;77,993;79,023
31.03.2016;78,592;78,022;79,161
01.04.2016;75,542;75,11;75,975
04.04.2016;76,27;75,783;76,757
05.04.2016;79,628;79,061;80,195
06.04.2016;77,678;77,178;78,177
07.04.2016;82,34;81,86;82,821
08.04.2016;82,331;81,804;82,858
11.04.2016;81,402;80,996;81,807
12.04.2016;79,519;79,161;79,876
13.04.2016;79,488;79,019;79,956
14.04.2016;78,99;78,574;79,406
15.04.2016;80,17;79,709;80,631
18.04.2016;77,921;77,624;78,217
19.04.2016;75,59;75,119;76,06
20.04.2016;72,744;72,326;73,162
21.04.2016;74,106;73,543;74,669
22.04.2016;73;72,582;73,418
25.04.2016;74,629;74,295;74,963
26.04.2016;74,497;74,067;74,927
27.04.2016;73,73;73,373;74,087
28.04.2016;76,481;76,043;76,919
29.04.2016;77,478;77,027;77,928
02.05.2016;77,965;77,504;78,426
03.05.2016;81,479;81,14;81,817
04.05.2016;83,346;82,909;83,783
05.05.2016;84,742;84,406;85,078
06.05.2016;85,265;84,871;85,659
09.05.2016;84,013;83,689;84,337
10.05.2016;80,507;80,235;80,78
11.05.2016;82,217;81,805;82,63
12.05.2016;81,288;80,899;81,677
13.05.2016;83,312;83,001;83,623
16.05.2016;81,535;81,198;81,872
17.05.2016;82,507;82,165;82,848
18.05.2016;83,727;83,458;83,996
19.05.2016;85,188;84,864;85,513
20.05.2016;83,749;83,436;84,063
23.05.2016;83,596;83,299;83,894
24.05.2016;79,573;79,261;79,885
25.05.2016;77,085;76,787;77,383
26.05.2016;77,036;76,754;77,318
27.05.2016;76,242;75,878;76,606
31.05.2016;76,668;76,397;76,938
01.06.2016;77,314;77,024;77,605
02.06.2016;77,124;76,777;77,471
03.06.2016;77,365;77,09;77,641
06.06.2016;74,393;74,118;74,667
07.06.2016;73,773;73,511;74,035
08.06.2016;73,594;73,305;73,884
09.06.2016;75,993;75,617;76,37
10.06.2016;78,775;78,414;79,136
13.06.2016;81,54;81,134;81,945
14.06.2016;84,093;83,684;84,503
15.06.2016;85,208;84,823;85,594
16.06.2016;82,717;82,353;83,082
17.06.2016;82,805;82,38;83,23
20.06.2016;80,12;79,786;80,454
21.06.2016;78,57;78,273;78,866
22.06.2016;78,91;78,513;79,306
23.06.2016;76,247;75,798;76,697
24.06.2016;86,963;86,402;87,523
27.06.2016;91,179;90,738;91,62
28.06.2016;84,598;84,182;85,015
29.06.2016;81,27;80,832;81,707
30.06.2016;76,984;76,554;77,413
01.07.2016;77,417;76,921;77,913
05.07.2016;78,993;78,71;79,277
06.07.2016;76,343;75,996;76,69
07.07.2016;76,72;76,347;77,093
08.07.2016;73,001;72,549;73,452
11.07.2016;72,307;72,043;72,572
12.07.2016;70,882;70,599;71,165
13.07.2016;71,345;71,022;71,668
14.07.2016;71,331;71,041;71,621
15.07.2016;72,844;72,283;73,405
18.07.2016;70,975;70,698;71,251
19.07.2016;71,254;70,915;71,592
20.07.2016;70,212;69,956;70,467
21.07.2016;71,342;71,048;71,637
22.07.2016;70,563;70,28;70,845
25.07.2016;73,451;73,202;73,7
26.07.2016;74,577;74,204;74,951
27.07.2016;73,45;73,211;73,689
28.07.2016;74,295;74,019;74,571
29.07.2016;72,025;71,541;72,509
01.08.2016;75,231;74,935;75,528
02.08.2016;76,833;76,561;77,106
03.08.2016;74,941;74,664;75,217
04.08.2016;73,22;72,968;73,472
05.08.2016;70,725;70,339;71,111
08.08.2016;71,34;71,093;71,586
09.08.2016;71,175;70,879;71,471
10.08.2016;72,138;71,869;72,407
11.08.2016;71,503;71,235;71,771
12.08.2016;71,597;71,288;71,906
15.08.2016;70,45;70,202;70,698
16.08.2016;71,07;70,818;71,323
17.08.2016;70,704;70,444;70,965
18.08.2016;69,572;69,307;69,837
19.08.2016;70,478;70,153;70,803
22.08.2016;71,891;71,63;72,152
23.08.2016;70,768;70,521;71,014
24.08.2016;71,762;71,525;72
25.08.2016;71,482;71,229;71,736
26.08.2016;72,017;71,691;72,342
29.08.2016;71,176;70,92;71,432
30.08.2016;71,258;71,008;71,507
31.08.2016;72,82;72,57;73,07
01.09.2016;73,885;73,647;74,122
02.09.2016;72,544;72,2;72,887
06.09.2016;71,162;70,912;71,412
07.09.2016;71,635;71,355;71,915
08.09.2016;71,652;71,34;71,965
09.09.2016;76,072;75,753;76,392
12.09.2016;73,257;72,958;73,557
13.09.2016;76,926;76,673;77,18
14.09.2016;77,31;77,05;77,57
15.09.2016;74,651;74,39;74,912
16.09.2016;75,958;75,65;76,267
19.09.2016;74,765;74,415;75,115
20.09.2016;81,698;81,398;81,997
21.09.2016;78,506;78,25;78,762
22.09.2016;76,015;75,695;76,335
23.09.2016;76,876;76,615;77,137
26.09.2016;79,113;78,795;79,43
27.09.2016;77,42;77,09;77,75
28.09.2016;75,365;75,048;75,682
29.09.2016;78,265;77,943;78,587
30.09.2016;75,132;74,75;75,515
03.10.2016;75,232;74,785;75,68
04.10.2016;75,705;75,428;75,982
05.10.2016;74,75;74,5;75
06.10.2016;74,257;74,013;74,502
07.10.2016;74,349;74,018;74,68
11.10.2016;75,753;75,49;76,015
12.10.2016;75,52;75,253;75,787
13.10.2016;76,053;75,8;76,307
14.10.2016;75,674;75,288;76,06
17.10.2016;76,078;75,843;76,313
18.10.2016;75,003;74,705;75,3
19.10.2016;73,725;73,458;73,992
20.10.2016;73,938;73,668;74,208
21.10.2016;73,799;73,498;74,1
24.10.2016;73,767;73,483;74,05
25.10.2016;74,537;74,25;74,825
26.10.2016;75,345;75,08;75,61
27.10.2016;76,257;75,963;76,552
28.10.2016;77,702;77,403;78,002
31.10.2016;78,708;78,425;78,99
01.11.2016;79,52;79,253;79,787
02.11.2016;79,977;79,74;80,215
03.11.2016;80,702;80,428;80,977
04.11.2016;80,967;80,705;81,23
07.11.2016;76,447;76,2;76,695
08.11.2016;75,757;75,343;76,172
09.11.2016;74,467;74,068;74,867
10.11.2016;75,447;75,058;75,837
14.11.2016;77,503;77,173;77,832
15.11.2016;73,988;73,728;74,247
16.11.2016;75,255;74,93;75,58
17.11.2016;74,932;74,693;75,172
18.11.2016;76,786;76,48;77,092
21.11.2016;75,733;75,365;76,102
22.11.2016;73,855;73,543;74,167
23.11.2016;73,979;73,543;74,415
25.11.2016;73,07;72,673;73,467
28.11.2016;73,845;73,595;74,095
29.11.2016;73,5;73,15;73,85
30.11.2016;72,751;72,506;72,997
01.12.2016;73,507;73,225;73,79
02.12.2016;72,921;72,628;73,215
05.12.2016;71,894;71,58;72,207
06.12.2016;69,54;69,288;69,792
07.12.2016;68,035;67,78;68,29
08.12.2016;68,895;68,578;69,212
09.12.2016;66,89;66,635;67,145
12.12.2016;68,095;67,78;68,41
13.12.2016;67,827;67,612;68,042
14.12.2016;69,43;69,133;69,727
15.12.2016;68,798;68,553;69,042
16.12.2016;68,945;68,648;69,242
19.12.2016;67,695;67,435;67,955
20.12.2016;66,512;66,253;66,772
21.12.2016;66,249;65,98;66,517
22.12.2016;66,113;65,835;66,392
23.12.2016;66,474;66,118;66,83
27.12.2016;66,753;66,487;67,019
28.12.2016;67,909;67,473;68,345
29.12.2016;68,109;67,75;68,467
30.12.2016;67,585;67,195;67,975
03.01.2017;65,669;65,398;65,94
04.01.2017;63,476;63,185;63,767
05.01.2017;63,743;63,48;64,005
06.01.2017;64,47;64,215;64,725
09.01.2017;65,451;65,24;65,662
10.01.2017;66,075;65,868;66,282
11.01.2017;65,942;65,698;66,187
12.01.2017;66,328;66,13;66,527
13.01.2017;65,82;65,558;66,082
17.01.2017;66,428;66,263;66,592
18.01.2017;65,719;65,503;65,935
19.01.2017;66,095;65,888;66,302
20.01.2017;65,879;65,643;66,115
23.01.2017;66,447;66,248;66,645
24.01.2017;65,415;65,195;65,635
25.01.2017;63,809;63,603;64,015
26.01.2017;63,988;63,745;64,23
27.01.2017;64,157;63,968;64,345
30.01.2017;65,788;65,565;66,012
31.01.2017;66,26;66,015;66,505
01.02.2017;65,83;65,608;66,052
02.02.2017;65,548;65,358;65,737
03.02.2017;63,605;63,375;63,835
06.02.2017;64,757;64,553;64,96
07.02.2017;65,54;65,328;65,752
08.02.2017;66,861;66,658;67,065
09.02.2017;64,712;64,54;64,883
10.02.2017;64,482;64,24;64,725
13.02.2017;63,268;63,085;63,45
14.02.2017;62,8;62,61;62,99
15.02.2017;62,979;62,77;63,187
16.02.2017;63,691;63,498;63,885
17.02.2017;63,517;63,328;63,705
21.02.2017;62,57;62,27;62,87
22.02.2017;62,583;62,353;62,812
23.02.2017;62,33;62,088;62,572
24.02.2017;62,558;62,323;62,792
27.02.2017;62,268;62,084;62,452
28.02.2017;62,577;62,353;62,802
01.03.2017;60,146;59,928;60,365
02.03.2017;60,373;60,158;60,587
03.03.2017;59,841;59,615;60,067
06.03.2017;60,6;60,355;60,845
07.03.2017;62,524;62,328;62,72
08.03.2017;63,894;63,663;64,125
09.03.2017;64,469;64,273;64,665
10.03.2017;64,547;64,334;64,759
13.03.2017;64,853;64,697;65,009
14.03.2017;65,803;65,568;66,037
15.03.2017;61,836;61,601;62,071
16.03.2017;61,895;61,628;62,162
17.03.2017;60,952;60,7;61,205
20.03.2017;68,385;68,165;68,605
21.03.2017;69,678;69,464;69,892
22.03.2017;68,342;68,043;68,642
23.03.2017;67,982;67,748;68,217
24.03.2017;67,014;66,748;67,28
27.03.2017;67,805;67,552;68,058
28.03.2017;67,18;66,958;67,402
29.03.2017;67,783;67,533;68,032
30.03.2017;66,813;66,588;67,037
31.03.2017;66,331;66,105;66,557
03.04.2017;66,702;66,485;66,92
04.04.2017;65,93;65,723;66,137
05.04.2017;65,897;65,655;66,14
06.04.2017;65,497;65,286;65,708
07.04.2017;65,447;65,272;65,622
10.04.2017;65,434;65,175;65,692
11.04.2017;66,385;66,178;66,592
12.04.2017;67,671;67,455;67,887
13.04.2017;67,915;67,58;68,25
17.04.2017;67,892;67,678;68,105
18.04.2017;68,794;68,55;69,037
19.04.2017;69,184;68,978;69,39
20.04.2017;67,497;67,263;67,732
21.04.2017;67,078;66,818;67,338
24.04.2017;64,238;64,038;64,437
25.04.2017;62,572;62,382;62,762
26.04.2017;63,361;63,138;63,585
27.04.2017;63,576;63,373;63,78
28.04.2017;63,978;63,738;64,217
01.05.2017;63,377;63,163;63,592
02.05.2017;62,882;62,633;63,132
03.05.2017;62,648;62,43;62,867
04.05.2017;63,253;63,04;63,465
05.05.2017;61,879;61,673;62,085
08.05.2017;62,316;62,095;62,537
09.05.2017;62,431;62,26;62,602
10.05.2017;61,62;61,39;61,85
11.05.2017;62,156;61,95;62,362
12.05.2017;62,618;62,41;62,827
15.05.2017;61,636;61,458;61,815
16.05.2017;61,693;61,498;61,887
17.05.2017;65,624;65,398;65,85
18.05.2017;64,541;64,345;64,737
19.05.2017;63,528;63,338;63,717
22.05.2017;62,2;61,985;62,415
23.05.2017;61,868;61,7;62,035
24.05.2017;61,893;61,723;62,062
25.05.2017;62,058;61,866;62,25
26.05.2017;62,2;61,99;62,41
30.05.2017;62,313;62,133;62,492
31.05.2017;61,585;61,393;61,777
01.06.2017;60,438;60,265;60,612
02.06.2017;59,826;59,655;59,997
05.06.2017;60,217;60,05;60,385
06.06.2017;60,735;60,558;60,912
07.06.2017;61,1;60,928;61,272
08.06.2017;61,078;60,885;61,272
09.06.2017;60,69;60,475;60,905
12.06.2017;59,994;59,834;60,155
13.06.2017;58,732;58,553;58,912
14.06.2017;58,735;58,528;58,942
15.06.2017;60,345;60,19;60,5
16.06.2017;61,502;61,304;61,7
19.06.2017;59,938;59,755;60,12
20.06.2017;61,554;61,353;61,755
21.06.2017;62,854;62,663;63,045
22.06.2017;61,442;61,26;61,625
23.06.2017;60,355;60,153;60,557
26.06.2017;59,593;59,39;59,797
27.06.2017;61,578;61,39;61,767
28.06.2017;60,219;60,043;60,395
29.06.2017;61,539;61,336;61,742
30.06.2017;60,519;60,31;60,727
03.07.2017;60,415;60,16;60,67
05.07.2017;61,222;61,043;61,4
06.07.2017;62,301;62,095;62,507
07.07.2017;61,644;61,44;61,847
10.07.2017;61,78;61,583;61,977
11.07.2017;61,788;61,605;61,972
12.07.2017;59,908;59,705;60,11
13.07.2017;58,768;58,563;58,972
14.07.2017;58,167;57,96;58,375
17.07.2017;57,477;57,298;57,655
18.07.2017;57,349;57,173;57,525
19.07.2017;56,972;56,773;57,172
20.07.2017;56,999;56,763;57,235
21.07.2017;56,9;56,713;57,087
24.07.2017;56,283;56,088;56,477
25.07.2017;56,283;56,028;56,537
26.07.2017;56,505;56,333;56,677
27.07.2017;57,426;57,25;57,602
28.07.2017;57,647;57,487;57,807
31.07.2017;57,226;57,025;57,427
01.08.2017;56,411;56,21;56,612
02.08.2017;56,295;56,13;56,46
03.08.2017;57,344;57,163;57,525
04.08.2017;57,715;57,538;57,892
07.08.2017;57,813;57,64;57,987
08.08.2017;59,185;59,013;59,357
09.08.2017;59,515;59,333;59,697
10.08.2017;62,176;61,948;62,405
11.08.2017;61,462;61,263;61,66
14.08.2017;59,632;59,418;59,845
15.08.2017;59,634;59,468;59,8
16.08.2017;59,628;59,428;59,827
17.08.2017;62,681;62,47;62,892
18.08.2017;62,35;62,14;62,56
21.08.2017;62,144;61,958;62,33
22.08.2017;60,299;60,1;60,497
23.08.2017;61,114;60,933;61,295
24.08.2017;60,185;60,008;60,362
25.08.2017;59,698;59,5;59,895
28.08.2017;59,519;59,335;59,702
29.08.2017;60,071;59,885;60,257
30.08.2017;59,073;58,883;59,262
31.08.2017;57,892;57,714;58,07
01.09.2017;57,116;56,9;57,332
05.09.2017;59,159;58,97;59,347
06.09.2017;58,618;58,44;58,795
07.09.2017;59,255;59,063;59,447
08.09.2017;60,274;60,073;60,475
11.09.2017;57,395;57,22;57,57
12.09.2017;56,164;55,978;56,35
13.09.2017;56,04;55,873;56,207
14.09.2017;56,695;56,508;56,882
15.09.2017;56,095;55,9;56,29
18.09.2017;55,859;55,705;56,012
19.09.2017;54,961;54,785;55,137
20.09.2017;58,719;58,538;58,9
21.09.2017;59,556;59,35;59,762
22.09.2017;59,906;59,7;60,112
25.09.2017;59,438;59,265;59,61
26.09.2017;58,712;58,528;58,895
27.09.2017;57,472;57,278;57,667
28.09.2017;56,615;56,43;56,8
29.09.2017;55,632;55,465;55,8
02.10.2017;54,628;54,448;54,807
03.10.2017;54,177;53,988;54,367
04.10.2017;54,471;54,273;54,67
05.10.2017;53,204;52,973;53,435
06.10.2017;54,244;54,018;54,47
10.10.2017;54,27;54,065;54,475
11.10.2017;54,761;54,55;54,972
12.10.2017;55,649;55,448;55,85
13.10.2017;54,574;54,38;54,767
16.10.2017;54,242;54,058;54,425
17.10.2017;53,936;53,75;54,122
18.10.2017;53,731;53,543;53,92
19.10.2017;53,37;53,185;53,555
20.10.2017;52,198;51,988;52,407
23.10.2017;52,924;52,74;53,107
24.10.2017;53,19;52,995;53,385
25.10.2017;54,201;54,013;54,39
26.10.2017;54,105;53,89;54,32
27.10.2017;52,762;52,55;52,975
30.10.2017;52,986;52,778;53,195
31.10.2017;52,15;51,935;52,365
01.11.2017;53,023;52,825;53,222
02.11.2017;52,98;52,785;53,175
03.11.2017;53,4;53,178;53,622
06.11.2017;53,152;52,938;53,365
07.11.2017;54,452;54,232;54,672
08.11.2017;55,011;54,778;55,245
09.11.2017;55,949;55,725;56,172
10.11.2017;56,042;55,795;56,29
13.11.2017;56,424;56,232;56,617
14.11.2017;57,397;57,23;57,565
15.11.2017;57,198;56,978;57,417
16.11.2017;54,993;54,765;55,22
17.11.2017;55,35;55,105;55,595
20.11.2017;54,725;54,503;54,947
21.11.2017;53,062;52,868;53,255
22.11.2017;52,507;52,163;52,852
24.11.2017;52,332;52,113;52,552
27.11.2017;53,532;53,298;53,765
28.11.2017;52,245;52,055;52,435
29.11.2017;52,908;52,698;53,117
30.11.2017;52,088;51,855;52,32
01.12.2017;52,389;52,105;52,672
04.12.2017;51,768;51,55;51,985
05.12.2017;51,968;51,705;52,232
06.12.2017;52,316;52,085;52,547
07.12.2017;51,607;51,363;51,852
08.12.2017;50,914;50,678;51,15
11.12.2017;50,262;50,045;50,48
12.12.2017;50,525;50,313;50,737
13.12.2017;50,339;50,118;50,56
14.12.2017;51,019;50,805;51,232
15.12.2017;50,341;50,15;50,532
18.12.2017;49,52;49,295;49,745
19.12.2017;49,758;49,505;50,012
20.12.2017;49,083;48,876;49,29
21.12.2017;48,55;48,325;48,775
22.12.2017;49,482;49,253;49,712
26.12.2017;49,007;48,75;49,265
27.12.2017;48,693;48,448;48,937
28.12.2017;49,43;49,18;49,68
29.12.2017;49,02;48,733;49,307
02.01.2018;48,455;48,255;48,655
03.01.2018;47,095;46,873;47,317
04.01.2018;45,877;45,643;46,11
05.01.2018;45,518;45,28;45,755
08.01.2018;45,382;45,175;45,59
09.01.2018;46,452;46,26;46,645
10.01.2018;46,777;46,548;47,005
11.01.2018;46,832;46,613;47,052
12.01.2018;47,068;46,845;47,29
16.01.2018;48,007;47,793;48,222
17.01.2018;47,998;47,795;48,202
18.01.2018;47,992;47,748;48,235
19.01.2018;47,515;47,283;47,747
22.01.2018;46,885;46,685;47,085
23.01.2018;46,07;45,835;46,305
24.01.2018;46,575;46,39;46,76
25.01.2018;46,21;45,963;46,457
26.01.2018;45,257;45,035;45,48
29.01.2018;46,543;46,303;46,782
30.01.2018;47,168;46,963;47,372
31.01.2018;47,28;47,053;47,507
01.02.2018;48,018;47,793;48,242
02.02.2018;50,38;50,093;50,667
05.02.2018;55,762;55,378;56,147
06.02.2018;52,982;52,595;53,37
07.02.2018;55,073;54,705;55,44
08.02.2018;60,101;59,67;60,532
09.02.2018;60,305;59,74;60,87
12.02.2018;57,531;57,11;57,952
13.02.2018;58,036;57,693;58,38
14.02.2018;56,17;55,833;56,507
15.02.2018;52,971;52,69;53,252
16.02.2018;51,382;50,945;51,82
20.02.2018;54,5;54,118;54,882
21.02.2018;55,68;55,235;56,125
22.02.2018;57,03;56,664;57,396
23.02.2018;55,314;54,903;55,725
26.02.2018;53,32;53;53,64
27.02.2018;55,277;55,01;55,545
28.02.2018;56,256;55,963;56,548
01.03.2018;57,787;57,468;58,107
02.03.2018;55,924;55,61;56,237
05.03.2018;55,361;55,093;55,63
06.03.2018;56,262;55,908;56,615
07.03.2018;56,77;56,445;57,095
08.03.2018;56,12;55,8;56,44
09.03.2018;54,339;53,983;54,695
12.03.2018;53,747;53,458;54,037
13.03.2018;54,339;54,044;54,634
14.03.2018;55,059;54,75;55,367
15.03.2018;54,901;54,605;55,197
16.03.2018;53,538;53,216;53,86
19.03.2018;54,876;54,641;55,112
20.03.2018;62,843;62,512;63,175
21.03.2018;61,6;61,402;61,797
22.03.2018;65,67;65,368;65,972
23.03.2018;68,982;68,675;69,29
26.03.2018;65,078;64,838;65,318
27.03.2018;67,376;67,058;67,695
28.03.2018;67,346;67,095;67,596
29.03.2018;65,557;65,22;65,895
02.04.2018;67,62;67,29;67,95
03.04.2018;66,447;66,185;66,71
04.04.2018;63,776;63,455;64,097
05.04.2018;63,193;62,895;63,49
06.04.2018;65,299;64,993;65,605
09.04.2018;64,932;64,663;65,2
10.04.2018;62,817;62,565;63,07
11.04.2018;63,385;63,02;63,75
12.04.2018;61,723;61,49;61,955
13.04.2018;61,339;60,97;61,707
16.04.2018;59,338;58,99;59,685
17.04.2018;59,264;58,968;59,56
18.04.2018;59,315;59,03;59,6
19.04.2018;60,125;59,813;60,437
20.04.2018;60,874;60,595;61,152
23.04.2018;61,76;61,425;62,095
24.04.2018;62,275;61,965;62,585
25.04.2018;61,533;61,245;61,82
26.04.2018;60,093;59,75;60,437
27.04.2018;60,154;59,778;60,53
30.04.2018;60,698;60,325;61,07
01.05.2018;60,792;60,448;61,135
02.05.2018;61,507;61,198;61,817
03.05.2018;62,349;61,968;62,73
04.05.2018;61,606;61,243;61,97
07.05.2018;62,035;61,69;62,38
08.05.2018;62,434;62,115;62,752
09.05.2018;61,252;60,943;61,56
10.05.2018;59,521;59,283;59,76
11.05.2018;59,294;58,953;59,635
14.05.2018;59,648;59,425;59,872
15.05.2018;61,275;60,968;61,582
16.05.2018;60,93;60,64;61,22
17.05.2018;60,906;60,535;61,277
18.05.2018;61,884;61,538;62,23
21.05.2018;61,792;61,478;62,107
22.05.2018;61,574;61,265;61,882
23.05.2018;61,933;61,665;62,2
24.05.2018;62,139;61,78;62,497
25.05.2018;63,221;62,895;63,547
29.05.2018;67,378;66,953;67,802
30.05.2018;65,181;64,875;65,487
31.05.2018;66,808;66,438;67,177
01.06.2018;65,14;64,84;65,44
04.06.2018;63,852;63,528;64,175
05.06.2018;64,169;63,808;64,53
06.06.2018;63,742;63,393;64,09
07.06.2018;66,779;66,418;67,14
08.06.2018;66,341;65,955;66,727
11.06.2018;64,51;64,175;64,845
12.06.2018;63,682;63,378;63,987
13.06.2018;63,535;63,13;63,94
14.06.2018;61,354;60,945;61,762
15.06.2018;60,48;60,118;60,842
18.06.2018;60,976;60,705;61,247
19.06.2018;62,951;62,653;63,25
20.06.2018;63,05;62,82;63,28
21.06.2018;64,969;64,683;65,255
22.06.2018;64,566;64,268;64,865
25.06.2018;66,754;66,455;67,052
26.06.2018;65,77;65,505;66,035
27.06.2018;68,096;67,773;68,42
28.06.2018;68,03;67,753;68,307
29.06.2018;67,595;67,183;68,007
02.07.2018;67,97;67,67;68,27
03.07.2018;67,351;66,97;67,732
05.07.2018;66,052;65,755;66,35
06.07.2018;63,998;63,678;64,317
09.07.2018;62,156;61,845;62,467
10.07.2018;62,294;61,99;62,597
11.07.2018;63,53;63,233;63,827
12.07.2018;61,585;61,325;61,845
13.07.2018;60,525;60,233;60,817
16.07.2018;60,945;60,64;61,25
17.07.2018;60,38;60,08;60,68
18.07.2018;60,715;60,42;61,01
19.07.2018;61,833;61,543;62,122
20.07.2018;61,638;61,352;61,923
23.07.2018;61,539;61,328;61,75
24.07.2018;60,928;60,7;61,155
25.07.2018;59,219;58,929;59,509
26.07.2018;57,673;57,38;57,965
27.07.2018;58,3;57,942;58,658
30.07.2018;58,993;58,671;59,315
31.07.2018;57,984;57,745;58,222
01.08.2018;58,563;58,297;58,829
02.08.2018;58,798;58,48;59,115
03.08.2018;58,988;58,691;59,284
06.08.2018;58,58;58,2;58,959
07.08.2018;58,115;57,885;58,345
08.08.2018;58,059;57,851;58,267
09.08.2018;59,269;59,063;59,475
10.08.2018;61,418;61,143;61,692
13.08.2018;62,107;61,837;62,376
14.08.2018;61,221;60,95;61,492
15.08.2018;62,506;62,251;62,761
16.08.2018;61,41;61,165;61,655
17.08.2018;60,994;60,745;61,242
20.08.2018;61,47;61,237;61,703
21.08.2018;60,274;59,96;60,587
22.08.2018;59,848;59,61;60,086
23.08.2018;60,713;60,287;61,138
24.08.2018;59,722;59,444;60,001
27.08.2018;58,453;58,235;58,671
28.08.2018;58,324;58,06;58,587
29.08.2018;58,526;58,276;58,776
30.08.2018;60,37;60,095;60,646
31.08.2018;59,94;59,608;60,271
04.09.2018;60,51;60,212;60,808
05.09.2018;60,218;59,975;60,461
06.09.2018;59,886;59,642;60,131
07.09.2018;59,846;59,574;60,119
10.09.2018;57,866;57,647;58,085
11.09.2018;58,074;57,671;58,476
12.09.2018;57,106;56,725;57,488
13.09.2018;55,54;55,24;55,84
14.09.2018;55,828;55,48;56,175
17.09.2018;56,83;56,468;57,192
18.09.2018;55,996;55,768;56,225
19.09.2018;56,215;55,755;56,675
20.09.2018;60,939;60,639;61,239
21.09.2018;61,535;61,31;61,76
24.09.2018;62,799;62,587;63,012
25.09.2018;62,256;62,018;62,493
26.09.2018;61,152;60,903;61,4
27.09.2018;59,42;59,185;59,655
28.09.2018;59,18;58,77;59,59
01.10.2018;58,074;57,852;58,295
02.10.2018;59,213;59,018;59,408
03.10.2018;59,267;59,04;59,493
04.10.2018;60,52;60,27;60,77
05.10.2018;61,398;61,132;61,662
09.10.2018;61,669;61,462;61,875
10.10.2018;65,742;65,446;66,038
11.10.2018;65,729;65,383;66,075
12.10.2018;64,198;63,87;64,525
15.10.2018;66,018;65,677;66,359
16.10.2018;63,426;63,203;63,65
17.10.2018;64,082;63,804;64,361
18.10.2018;67,416;67,138;67,695
19.10.2018;67,518;67,243;67,793
22.10.2018;67,969;67,703;68,235
23.10.2018;67,424;67,125;67,722
24.10.2018;69,702;69,428;69,976
25.10.2018;69,151;68,815;69,488
26.10.2018;69,981;69,675;70,288
29.10.2018;70,719;70,468;70,97
30.10.2018;69,207;68,927;69,486
31.10.2018;68,758;68,477;69,04
01.11.2018;66,916;66,501;67,33
02.11.2018;66,043;65,716;66,371
05.11.2018;65,14;64,815;65,465
06.11.2018;64,241;63,907;64,576
07.11.2018;62,476;62,222;62,73
08.11.2018;63,549;63,295;63,802
09.11.2018;66,64;66,3;66,98
13.11.2018;69,421;69,068;69,775
14.11.2018;71,685;71,403;71,968
15.11.2018;73,218;72,901;73,534
16.11.2018;74,272;73,971;74,573
19.11.2018;77,002;76,701;77,304
20.11.2018;79,158;78,83;79,485
21.11.2018;78,2;77,813;78,588
23.11.2018;80,281;79,88;80,683
26.11.2018;78,94;78,61;79,27
27.11.2018;78,455;78,22;78,69
28.11.2018;73,6;73,278;73,923
29.11.2018;74,509;74,14;74,878
30.11.2018;74,964;74,608;75,319
03.12.2018;74,514;74,233;74,795
04.12.2018;79,146;78,84;79,453
06.12.2018;79,273;78,918;79,628
07.12.2018;82,75;82,328;83,172
10.12.2018;81,388;81,041;81,734
11.12.2018;80,096;79,828;80,364
12.12.2018;77,914;77,623;78,205
13.12.2018;76,82;76,555;77,085
14.12.2018;79,33;78,977;79,683
17.12.2018;81,993;81,73;82,256
18.12.2018;81,719;81,374;82,064
19.12.2018;86,131;85,779;86,483
20.12.2018;89,626;88,999;90,254
21.12.2018;92,512;91,823;93,201
24.12.2018;94,912;94,175;95,648
26.12.2018;87,681;87,244;88,118
27.12.2018;89,401;88,839;89,964
28.12.2018;88,241;87,522;88,96
31.12.2018;87,749;87,32;88,177
02.01.2019;88,788;88,314;89,261
03.01.2019;90,171;89,741;90,601
04.01.2019;83,644;83,322;83,966
07.01.2019;81,38;80,933;81,828
08.01.2019;78,62;78,204;79,036
09.01.2019;79,109;78,735;79,483
10.01.2019;77,11;76,704;77,516
11.01.2019;77,521;77,185;77,858
14.01.2019;79,37;78,983;79,758
15.01.2019;76,393;76,055;76,73
16.01.2019;76,321;75,927;76,715
17.01.2019;73,555;73,218;73,892
18.01.2019;72,484;72,132;72,835
22.01.2019;75,574;75,21;75,939
23.01.2019;74,184;73,737;74,632
24.01.2019;74,101;73,69;74,512
25.01.2019;72,243;71,403;73,083
28.01.2019;73,138;72,786;73,49
29.01.2019;72,4;72,113;72,688
30.01.2019;69,142;68,518;69,767
31.01.2019;66,113;65,7;66,526
01.02.2019;66,861;66,505;67,217
04.02.2019;65,122;64,724;65,52
05.02.2019;64,202;63,885;64,52
06.02.2019;66,109;65,756;66,461
07.02.2019;68,498;68,205;68,79
08.02.2019;67,184;66,878;67,49
11.02.2019;67,84;67,507;68,172
12.02.2019;64,779;64,489;65,069
13.02.2019;65,2;64,869;65,531
14.02.2019;64,923;64,635;65,21
15.02.2019;62,515;62,212;62,819
19.02.2019;61,437;61,083;61,79
20.02.2019;60,471;60,155;60,787
21.02.2019;61,903;61,583;62,223
22.02.2019;61,381;61,05;61,712
25.02.2019;61,001;60,653;61,35
26.02.2019;60,559;60,265;60,852
27.02.2019;59,725;59,435;60,015
28.02.2019;60,159;59,908;60,41
01.03.2019;59,279;59,013;59,545
04.03.2019;59,823;59,55;60,095
05.03.2019;61,194;60,923;61,465
06.03.2019;62,89;62,585;63,195
07.03.2019;63,948;63,66;64,235
08.03.2019;63,637;63,313;63,962
11.03.2019;59,981;59,727;60,235
12.03.2019;59,58;59,208;59,953
13.03.2019;58,145;57,83;58,46
14.03.2019;58,428;58,128;58,727
15.03.2019;57,927;57,654;58,2
18.03.2019;57,185;56,918;57,453
19.03.2019;57,633;57,365;57,9
20.03.2019;65,788;65,395;66,18
21.03.2019;64,507;64,258;64,757
22.03.2019;68,131;67,76;68,503
25.03.2019;68,801;68,455;69,148
26.03.2019;68,181;67,863;68,499
27.03.2019;68,344;68,068;68,62
28.03.2019;66,275;66,025;66,525
29.03.2019;63,381;63,003;63,76
01.04.2019;61,614;61,32;61,908
02.04.2019;62,17;61,905;62,435
03.04.2019;61,938;61,662;62,212
04.04.2019;61,141;60,864;61,419
05.04.2019;60,038;59,763;60,313
08.04.2019;60,019;59,732;60,306
09.04.2019;60,754;60,462;61,045
10.04.2019;59,428;59,168;59,688
11.04.2019;58,8;58,49;59,11
12.04.2019;56,26;55,975;56,545
15.04.2019;56,426;56,22;56,632
16.04.2019;57,364;57,059;57,67
17.04.2019;57,643;57,393;57,893
18.04.2019;57,494;57,301;57,687
22.04.2019;57,973;57,727;58,218
23.04.2019;56,827;56,59;57,064
24.04.2019;58,148;57,798;58,498
25.04.2019;58,621;58,335;58,908
26.04.2019;57,146;56,89;57,402
29.04.2019;57,745;57,5;57,99
30.04.2019;57,401;57,07;57,733
01.05.2019;58,925;58,645;59,205
02.05.2019;58,859;58,565;59,153
03.05.2019;57,624;57,368;57,88
06.05.2019;58,589;58,378;58,8
07.05.2019;60,883;60,585;61,181
08.05.2019;62,229;62,017;62,44
09.05.2019;63,053;62,797;63,31
10.05.2019;60,607;60,293;60,921
13.05.2019;65,604;65,308;65,9
14.05.2019;63,39;63,19;63,59
15.05.2019;63,459;63,153;63,765
16.05.2019;62,288;62,045;62,53
17.05.2019;63,4;63,05;63,75
20.05.2019;64,064;63,803;64,325
21.05.2019;62,903;62,63;63,175
22.05.2019;63,346;63,085;63,608
23.05.2019;65,026;64,697;65,355
24.05.2019;64,75;64,368;65,133
28.05.2019;66,605;66,313;66,897
29.05.2019;67,209;66,843;67,575
30.05.2019;66,719;66,413;67,025
31.05.2019;70,189;69,863;70,514
03.06.2019;69,735;69,423;70,048
04.06.2019;65,449;65,124;65,773
05.06.2019;64,096;63,847;64,345
06.06.2019;63,74;63,242;64,238
07.06.2019;62,21;61,873;62,548
10.06.2019;60,301;59,959;60,643
11.06.2019;60,073;59,832;60,313
12.06.2019;61,544;61,242;61,845
13.06.2019;60,368;60,101;60,635
14.06.2019;61,451;61,128;61,775
17.06.2019;60,504;60,218;60,79
18.06.2019;57,568;57,358;57,778
19.06.2019;55,263;54,915;55,61
20.06.2019;53,77;53,483;54,057
21.06.2019;55,459;55,19;55,727
24.06.2019;55,604;55,321;55,886
25.06.2019;58,194;57,938;58,45
26.06.2019;57,325;57,12;57,53
27.06.2019;55,748;55,535;55,96
28.06.2019;54,149;53,85;54,447
01.07.2019;52,705;52,456;52,954
02.07.2019;52,13;51,904;52,355
03.07.2019;51,669;51,287;52,05
05.07.2019;53,176;52,875;53,476
08.07.2019;54,706;54,476;54,936
09.07.2019;53,846;53,556;54,136
10.07.2019;52,452;52,249;52,656
11.07.2019;53,42;53,133;53,707
12.07.2019;53,48;53,217;53,742
15.07.2019;53,438;53,199;53,676
16.07.2019;54,05;53,79;54,31
17.07.2019;54,659;54,384;54,934
18.07.2019;52,923;52,647;53,197
19.07.2019;53,981;53,742;54,22
22.07.2019;52,735;52,5;52,97
23.07.2019;50,764;50,566;50,962
24.07.2019;49,661;49,437;49,886
25.07.2019;51,145;50,927;51,363
26.07.2019;51,245;51,04;51,45
29.07.2019;52,646;52,385;52,908
30.07.2019;52,506;52,158;52,855
31.07.2019;55,175;54,863;55,488
01.08.2019;55,788;55,505;56,07
02.08.2019;56,644;56,313;56,975
05.08.2019;62,471;62,078;62,865
06.08.2019;59,525;59,264;59,785
07.08.2019;59,99;59,54;60,44
08.08.2019;58,178;57,697;58,658
09.08.2019;59,07;58,733;59,408
12.08.2019;61,751;61,445;62,058
13.08.2019;56,783;56,578;56,988
14.08.2019;62,394;61,813;62,975
15.08.2019;61,946;61,655;62,238
16.08.2019;58,193;57,955;58,43
19.08.2019;55,434;55,102;55,765
20.08.2019;56,977;56,676;57,278
21.08.2019;54,58;54,325;54,835
22.08.2019;54,61;54,308;54,912
23.08.2019;58,52;58,082;58,957
26.08.2019;56,298;56,067;56,528
27.08.2019;56,619;56,31;56,927
28.08.2019;55,153;54,79;55,515
29.08.2019;53,956;53,7;54,212
30.08.2019;54,055;53,746;54,364
03.09.2019;55,384;55,147;55,62
04.09.2019;53,883;53,538;54,228
05.09.2019;52,215;51,96;52,47
06.09.2019;51,233;51,025;51,44
09.09.2019;51,724;51,432;52,016
10.09.2019;52,06;51,769;52,352
11.09.2019;50,834;50,522;51,145
12.09.2019;50,098;49,798;50,397
13.09.2019;50,066;49,756;50,375
16.09.2019;51,039;50,755;51,324
17.09.2019;51,503;51,14;51,867
18.09.2019;50,828;50,46;51,195
19.09.2019;51,803;51,563;52,043
20.09.2019;59,723;59,412;60,033
23.09.2019;58,984;58,753;59,215
24.09.2019;60,968;60,675;61,26
25.09.2019;60,1;59,787;60,412
26.09.2019;60,845;60,56;61,13
27.09.2019;61,685;61,41;61,96
30.09.2019;59,8;59,525;60,075
01.10.2019;60,645;60,333;60,958
02.10.2019;63,389;63,151;63,626
03.10.2019;62,726;62,475;62,977
04.10.2019;60,242;59,954;60,531
07.10.2019;61,145;60,938;61,352
08.10.2019;63,091;62,825;63,358
09.10.2019;61,432;61,127;61,736
10.10.2019;59,973;59,72;60,225
11.10.2019;57,239;56,964;57,514
15.10.2019;56,236;55,893;56,58
16.10.2019;56,068;55,793;56,343
17.10.2019;55,63;55,412;55,847
18.10.2019;54,905;54,665;55,145
21.10.2019;53,798;53,522;54,072
22.10.2019;54,633;54,333;54,932
23.10.2019;54,144;53,845;54,443
24.10.2019;54,619;54,383;54,855
25.10.2019;53,598;53,334;53,861
28.10.2019;53,328;53,052;53,602
29.10.2019;54,488;54,215;54,76
30.10.2019;54,213;53,864;54,561
31.10.2019;55,056;54,787;55,325
01.11.2019;52,9;52,64;53,16
04.11.2019;51,466;51,255;51,677
05.11.2019;51,86;51,623;52,098
06.11.2019;51,883;51,708;52,058
07.11.2019;51,17;50,95;51,39
08.11.2019;51,299;51,045;51,553
12.11.2019;51,724;51,507;51,94
13.11.2019;52,221;52,017;52,426
14.11.2019;52,421;52,265;52,578
15.11.2019;51,26;51,067;51,453
18.11.2019;51,253;51,018;51,487
19.11.2019;52,143;51,938;52,348
20.11.2019;52,77;52,581;52,958
21.11.2019;52,891;52,668;53,115
22.11.2019;51,461;51,241;51,681
25.11.2019;50,028;49,855;50,2
26.11.2019;49,19;48,97;49,41
27.11.2019;49,565;49,35;49,78
29.11.2019;50,03;49,781;50,279
02.12.2019;51,546;51,363;51,729
03.12.2019;52,192;52,02;52,365
04.12.2019;50,395;50,175;50,615
05.12.2019;50,463;50,234;50,691
06.12.2019;49,205;48,98;49,43
09.12.2019;50,183;49,983;50,382
10.12.2019;49,875;49,695;50,055
11.12.2019;49,175;49,049;49,3
12.12.2019;47,802;47,622;47,981
13.12.2019;47,86;47,613;48,108
16.12.2019;46,135;45,98;46,29
17.12.2019;45,814;45,595;46,033
18.12.2019;45,773;45,533;46,013
19.12.2019;45,708;45,521;45,894
20.12.2019;45,116;44,925;45,306
23.12.2019;45,041;44,848;45,235
24.12.2019;44,599;44,311;44,886
26.12.2019;43,978;43,766;44,191
27.12.2019;43,948;43,733;44,162
30.12.2019;44,975;44,765;45,185
31.12.2019;45,266;45,018;45,515
02.01.2020;44,155;43,981;44,33
03.01.2020;45,835;45,697;45,974
06.01.2020;46,049;45,723;46,375
07.01.2020;46,665;46,465;46,865
08.01.2020;45,113;44,936;45,29
09.01.2020;43,844;43,658;44,03
10.01.2020;44,195;44,04;44,35
13.01.2020;44,133;43,915;44,35
14.01.2020;44,716;44,535;44,897
15.01.2020;44,715;44,521;44,909
16.01.2020;44,054;43,931;44,176
17.01.2020;44,053;43,87;44,235
21.01.2020;45,763;45,569;45,956
22.01.2020;45,071;44,908;45,235
23.01.2020;46,02;45,808;46,233
24.01.2020;47,025;46,81;47,24
27.01.2020;49,308;49,083;49,533
28.01.2020;46,646;46,415;46,878
29.01.2020;48,016;47,772;48,26
30.01.2020;47,535;47,285;47,785
31.01.2020;50,155;49,99;50,32
03.02.2020;50,075;49,837;50,313
04.02.2020;47,061;46,801;47,32
05.02.2020;44,855;44,655;45,056
06.02.2020;45,335;45,16;45,51
07.02.2020;46,129;45,88;46,378
10.02.2020;45,271;45,061;45,481
11.02.2020;44,834;44,615;45,052
12.02.2020;43,81;43,598;44,022
13.02.2020;43,75;43,525;43,975
14.02.2020;44,266;44,035;44,498
18.02.2020;44,674;44,503;44,845
19.02.2020;44,518;44,218;44,817
20.02.2020;45,356;45,162;45,55
21.02.2020;46,546;46,343;46,75
24.02.2020;53,071;52,816;53,327
25.02.2020;55,409;55,09;55,727
26.02.2020;57,685;57,393;57,977
27.02.2020;64,581;63,763;65,4
28.02.2020;66,478;65,102;67,852
02.03.2020;64,6;64,075;65,125
03.03.2020;71,326;70,615;72,037
04.03.2020;65,835;65,185;66,485
05.03.2020;73,253;72,31;74,195
06.03.2020;83,157;82,261;84,054
09.03.2020;110,94;107,281;114,599
10.03.2020;106,75;105,463;108,038
11.03.2020;117,418;115,09;119,745
12.03.2020;138,875;135,875;141,875
13.03.2020;107,488;103,988;110,988
16.03.2020;124,226;121,71;126,743
17.03.2020;123,233;120,67;125,795
18.03.2020;140,969;137,813;144,125
19.03.2020;141,838;139,235;144,44
20.03.2020;151,798;149,291;154,304
23.03.2020;121,563;118,875;124,25
24.03.2020;107,974;104,693;111,255
25.03.2020;103,168;100,655;105,68
26.03.2020;96,658;95,208;98,108
27.03.2020;111,889;109,873;113,905
30.03.2020;107,875;106,33;109,42
31.03.2020;113,051;109,255;116,848
01.04.2020;126,144;124,488;127,8
02.04.2020;123,313;121,378;125,248
03.04.2020;127,55;126,238;128,863
06.04.2020;116,969;113,428;120,51
07.04.2020;112,493;109,195;115,79
08.04.2020;104,886;103,06;106,713
09.04.2020;81,849;79,208;84,49
13.04.2020;83,14;81,966;84,315
14.04.2020;82,608;81,483;83,733
15.04.2020;87,416;86,04;88,793
16.04.2020;87,928;84,743;91,113
17.04.2020;86,968;86,133;87,803
20.04.2020;93,474;92,7;94,248
21.04.2020;98,063;96,95;99,175
22.04.2020;94,481;93,367;95,595
23.04.2020;93,689;90,6;96,778
24.04.2020;94,144;93,4;94,888
27.04.2020;93,168;92,468;93,867
28.04.2020;91,781;88,905;94,658
29.04.2020;86,885;86,28;87,49
30.04.2020;86,979;86,335;87,623
01.05.2020;90,4;89,85;90,95
04.05.2020;90,896;90,465;91,328
05.05.2020;90,065;87,22;92,91
06.05.2020;93,224;92,818;93,63
07.05.2020;92,169;91,593;92,745
08.05.2020;90,98;90,068;91,893
11.05.2020;92,61;92,278;92,943
12.05.2020;93,303;92,301;94,306
13.05.2020;96,709;95,673;97,745
14.05.2020;95,324;94,355;96,293
15.05.2020;95,806;94,333;97,28
18.05.2020;90,416;89,543;91,29
19.05.2020;90;89,438;90,563
20.05.2020;83,95;83,1;84,8
21.05.2020;85,958;85,363;86,552
22.05.2020;87,206;86,825;87,587
26.05.2020;83,124;82,51;83,738
27.05.2020;78,943;78,43;79,455
28.05.2020;77,946;76,81;79,083
29.05.2020;77,4;76,743;78,057
01.06.2020;78,851;78,399;79,304
02.06.2020;75,641;74,78;76,503
03.06.2020;73,04;72,51;73,57
04.06.2020;72,445;71,939;72,951
05.06.2020;64,961;63,744;66,179
08.06.2020;66,636;65,605;67,668
09.06.2020;72,358;71,102;73,613
10.06.2020;74,522;73,646;75,398
11.06.2020;81,615;81,063;82,168
12.06.2020;78,958;78,028;79,888
15.06.2020;69,889;69,033;70,745
16.06.2020;69,184;68,568;69,8
17.06.2020;71,435;70,485;72,385
18.06.2020;74,561;74,065;75,058
19.06.2020;78,551;77,64;79,462
22.06.2020;76,13;75,72;76,54
23.06.2020;74,946;74,283;75,61
24.06.2020;78,508;77,893;79,123
25.06.2020;78,226;77,533;78,92
26.06.2020;80,886;80,228;81,545
29.06.2020;78,949;78,375;79,523
30.06.2020;75,879;75,28;76,477
01.07.2020;74,928;74,428;75,428
02.07.2020;74,131;73,497;74,765
06.07.2020;71,498;70,973;72,022
07.07.2020;74,4;73,895;74,905
08.07.2020;72,448;71,978;72,918
09.07.2020;74,989;74,51;75,468
10.07.2020;73,688;72,997;74,38
13.07.2020;74,789;74,195;75,383
14.07.2020;74,16;73,538;74,783
15.07.2020;72,05;71,425;72,675
16.07.2020;72,731;72,345;73,117
17.07.2020;71,459;71,055;71,863
20.07.2020;70,063;69,553;70,572
21.07.2020;70,125;69,74;70,51
22.07.2020;69,169;68,697;69,64
23.07.2020;69,485;69,03;69,94
24.07.2020;70,4;70,018;70,783
27.07.2020;70,286;69,875;70,698
28.07.2020;71,763;71,253;72,272
29.07.2020;69,649;69,23;70,068
30.07.2020;69,949;69,526;70,372
31.07.2020;69,283;68,61;69,955
03.08.2020;67,8;67,453;68,148
04.08.2020;66,29;65,873;66,708
05.08.2020;64,998;64,675;65,32
06.08.2020;64,576;64,315;64,837
07.08.2020;64,896;64,531;65,262
10.08.2020;65,809;65,365;66,253
11.08.2020;66,635;66,088;67,183
12.08.2020;65,218;64,988;65,448
13.08.2020;67,044;66,508;67,58
14.08.2020;67,8;67,403;68,197
17.08.2020;66,561;66,2;66,923
18.08.2020;66,101;65,73;66,472
19.08.2020;67,594;67,09;68,098
20.08.2020;67,518;66,995;68,04
21.08.2020;67,538;67,11;67,965
24.08.2020;66,246;65,935;66,558
25.08.2020;65,981;65,648;66,315
26.08.2020;66,576;66,153;67
27.08.2020;67,62;67,38;67,86
28.08.2020;66,523;66,158;66,888
31.08.2020;65,061;64,575;65,548
01.09.2020;62,033;61,672;62,393
02.09.2020;62,001;61,62;62,382
03.09.2020;65,841;65,385;66,298
04.09.2020;66,703;66,333;67,073
08.09.2020;69,1;68,683;69,518
09.09.2020;66,039;65,787;66,29
10.09.2020;68,788;68,39;69,185
11.09.2020;69,82;69,429;70,211
14.09.2020;68,703;68,153;69,253
15.09.2020;67,735;67,393;68,078
16.09.2020;67,785;67,4;68,17
17.09.2020;69,725;69,278;70,173
18.09.2020;71,371;70,992;71,75
21.09.2020;52,383;51,992;52,772
22.09.2020;52,5;51,745;53,255
23.09.2020;57,519;56,817;58,22
24.09.2020;58,308;57,852;58,763
25.09.2020;59,118;58,55;59,685
28.09.2020;57,674;57,408;57,94
29.09.2020;60,319;59,35;61,287
30.09.2020;59,214;58,683;59,745
01.10.2020;58,643;58,268;59,018
02.10.2020;59,901;59,433;60,37
05.10.2020;56,63;56,287;56,972
06.10.2020;58,363;57,57;59,155
07.10.2020;55,853;55,113;56,593
08.10.2020;54,835;54,367;55,302
09.10.2020;53,205;52,462;53,947
13.10.2020;54,874;54,188;55,56
14.10.2020;56,145;55,742;56,548
15.10.2020;56,568;55,628;57,507
16.10.2020;56,591;55,798;57,385
19.10.2020;58,469;58,12;58,818
20.10.2020;57,84;57,33;58,351
21.10.2020;57,115;56,815;57,415
22.10.2020;57,203;56,355;58,05
23.10.2020;56,566;56,218;56,915
26.10.2020;58,775;58,128;59,423
27.10.2020;59,918;59,28;60,555
28.10.2020;63,845;63,06;64,63
29.10.2020;65,158;64,295;66,02
30.10.2020;65,463;64,688;66,238
02.11.2020;63,091;62,29;63,893
03.11.2020;59,913;59,125;60,7
04.11.2020;57,464;56,498;58,43
05.11.2020;53,463;52,923;54,003
06.11.2020;53,359;52,627;54,09
09.11.2020;52,223;51,677;52,768
10.11.2020;52,976;52,053;53,9
12.11.2020;54,964;54,593;55,335
13.11.2020;54,476;53,753;55,2
16.11.2020;52,078;51,259;52,896
17.11.2020;52,7;51,99;53,41
18.11.2020;54,513;53,69;55,335
19.11.2020;53,829;53,43;54,227
20.11.2020;56,344;55,403;57,285
23.11.2020;54,283;53,313;55,253
24.11.2020;51,669;50,752;52,585
25.11.2020;52,205;51,433;52,977
27.11.2020;51,175;50,408;51,941
30.11.2020;50,106;49,248;50,965
01.12.2020;49,959;49,242;50,675
02.12.2020;50,141;49,188;51,095
03.12.2020;49,823;49,283;50,362
04.12.2020;49,936;49,412;50,46
07.12.2020;50,855;49,87;51,84
08.12.2020;50,99;50,24;51,74
09.12.2020;52,203;51,742;52,662
10.12.2020;52,974;52,291;53,657
11.12.2020;53,846;53,178;54,514
14.12.2020;54,193;53,512;54,874
15.12.2020;52,619;51,938;53,3
16.12.2020;52,944;52,265;53,623
17.12.2020;52,515;51,775;53,255
18.12.2020;53,278;52,888;53,668
21.12.2020;55,2;54,848;55,552
22.12.2020;55,78;55,473;56,087
23.12.2020;54,248;53,524;54,972
24.12.2020;53,935;53,16;54,709
28.12.2020;52,126;51,718;52,535
29.12.2020;52,184;51,543;52,825
30.12.2020;51,138;50,84;51,435
31.12.2020;49,896;48,955;50,836
04.01.2021;52,465;51,675;53,255
05.01.2021;51,738;51,048;52,427
06.01.2021;51,613;51,245;51,98
07.01.2021;50,118;49,727;50,507
08.01.2021;49,653;49,007;50,299
11.01.2021;51,17;50,541;51,799
12.01.2021;51,549;50,874;52,224
13.01.2021;49,836;49,175;50,497
14.01.2021;50,073;49,438;50,707
15.01.2021;51,981;51,746;52,215
19.01.2021;50,539;49,843;51,235
20.01.2021;50,758;50,44;51,075
21.01.2021;50,751;50,412;51,09
22.01.2021;51,078;50,2;51,955
25.01.2021;51,75;51,067;52,433
26.01.2021;52,686;52,447;52,925
27.01.2021;55,695;55,115;56,275
28.01.2021;55,436;54,707;56,165
29.01.2021;56,051;55,745;56,358
01.02.2021;54,986;54,548;55,425
02.02.2021;52,77;51,905;53,635
03.02.2021;52,619;52,388;52,85
04.02.2021;51,343;50,92;51,765
05.02.2021;50,804;50,138;51,47
08.02.2021;50,205;49,664;50,745
09.02.2021;50,78;50,19;51,37
10.02.2021;50,287;49,648;50,926
11.02.2021;50,256;50,072;50,44
12.02.2021;50,42;49,787;51,052
16.02.2021;50,565;49,95;51,18
17.02.2021;50,279;49,54;51,017
18.02.2021;50,998;50,433;51,563
19.02.2021;51,621;50,957;52,285
22.02.2021;53,8;53,163;54,438
23.02.2021;52,821;52,151;53,491
24.02.2021;51,708;51,28;52,135
25.02.2021;56,225;55,718;56,733
26.02.2021;55,873;54,553;57,192
01.03.2021;52,711;52,505;52,918
02.03.2021;53,369;52,635;54,102
03.03.2021;54,595;53,972;55,218
04.03.2021;56,494;55,93;57,058
05.03.2021;54,894;54,593;55,195
